date,BTC,ETH,SOL
2010-07-18,0.08584,,
2010-07-19,0.0808,,
2010-07-20,0.0747357288135593,,
2010-07-21,0.0791928626534191,,
2010-07-22,0.0584697603740503,,
2010-07-23,0.0605928696668615,,
2010-07-24,0.05454,,
2010-07-25,0.050540618351841,,
2010-07-26,0.056,,
2010-07-27,0.058622016364699,,
2010-07-28,0.0589110987726476,,
2010-07-29,0.0699,,
2010-07-30,0.064657381648159,,
2010-07-31,0.0675457989479836,,
2010-08-01,0.0611,,
2010-08-02,0.06,,
2010-08-03,0.0600121507890123,,
2010-08-04,0.0570157802454705,,
2010-08-05,0.061,,
2010-08-06,0.0616713150204559,,
2010-08-07,0.0590039450613676,,
2010-08-08,0.0609,,
2010-08-09,0.0704,,
2010-08-10,0.0693387288135593,,
2010-08-11,0.067,,
2010-08-12,0.07,,
2010-08-13,0.0645,,
2010-08-14,0.0669964336645237,,
2010-08-15,0.0651179322033898,,
2010-08-16,0.0655,,
2010-08-17,0.07,,
2010-08-18,0.068,,
2010-08-19,0.0667,,
2010-08-20,0.0655,,
2010-08-21,0.0664,,
2010-08-22,0.0659289888953828,,
2010-08-23,0.06491,,
2010-08-24,0.065,,
2010-08-25,0.0648,,
2010-08-26,0.0640751139684395,,
2010-08-27,0.065,,
2010-08-28,0.0646,,
2010-08-29,0.064,,
2010-08-30,0.06497,,
2010-08-31,0.06,,
2010-09-01,0.0620248275862069,,
2010-09-02,0.0634,,
2010-09-03,0.06085,,
2010-09-04,0.062178275862069,,
2010-09-05,0.06165,,
2010-09-06,0.0616,,
2010-09-07,0.0612391180596142,,
2010-09-08,0.061,,
2010-09-09,0.0611149707773232,,
2010-09-10,0.0610115242548218,,
2010-09-11,0.0636208649912332,,
2010-09-12,0.0615,,
2010-09-13,0.06218,,
2010-09-14,0.06199,,
2010-09-15,0.0604,,
2010-09-16,0.0619,,
2010-09-17,0.0600005260081823,,
2010-09-18,0.061,,
2010-09-19,0.0627,,
2010-09-20,0.0621017358270018,,
2010-09-21,0.06265,,
2010-09-22,0.061881870251315,,
2010-09-23,0.062153512565751,,
2010-09-24,0.0622,,
2010-09-25,0.06202,,
2010-09-26,0.062,,
2010-09-27,0.0622004418468732,,
2010-09-28,0.0619038977206312,,
2010-09-29,0.06191,,
2010-09-30,0.0619,,
2010-10-01,0.0619733138515488,,
2010-10-02,0.0614,,
2010-10-03,0.0610648684979544,,
2010-10-04,0.0612944769140853,,
2010-10-05,0.0614,,
2010-10-06,0.06281,,
2010-10-07,0.067,,
2010-10-08,0.0844531081239041,,
2010-10-09,0.0938,,
2010-10-10,0.0971462010520164,,
2010-10-11,0.095,,
2010-10-12,0.0949,,
2010-10-13,0.104865589129164,,
2010-10-14,0.102,,
2010-10-15,0.105,,
2010-10-16,0.101,,
2010-10-17,0.102,,
2010-10-18,0.1024,,
2010-10-19,0.0975448918760959,,
2010-10-20,0.099,,
2010-10-21,0.107,,
2010-10-22,0.1025,,
2010-10-23,0.104556424313267,,
2010-10-24,0.11501,,
2010-10-25,0.139118552893045,,
2010-10-26,0.151,,
2010-10-27,0.1877,,
2010-10-28,0.1731,,
2010-10-29,0.19,,
2010-10-30,0.197610543541789,,
2010-10-31,0.1925,,
2010-11-01,0.194525061367621,,
2010-11-02,0.1938,,
2010-11-03,0.1931,,
2010-11-04,0.229275160724722,,
2010-11-05,0.259112413793104,,
2010-11-06,0.400982302746932,,
2010-11-07,0.34,,
2010-11-08,0.243184628872005,,
2010-11-09,0.217272694330801,,
2010-11-10,0.229549731151373,,
2010-11-11,0.2231,,
2010-11-12,0.2682,,
2010-11-13,0.276,,
2010-11-14,0.27904,,
2010-11-15,0.268464555815313,,
2010-11-16,0.225,,
2010-11-17,0.241939333722969,,
2010-11-18,0.269057790765634,,
2010-11-19,0.27829,,
2010-11-20,0.283015964932788,,
2010-11-21,0.27675,,
2010-11-22,0.285,,
2010-11-23,0.28295,,
2010-11-24,0.282905736411455,,
2010-11-25,0.28,,
2010-11-26,0.2844,,
2010-11-27,0.283,,
2010-11-28,0.271358679135009,,
2010-11-29,0.230559456458212,,
2010-11-30,0.2082,,
2010-12-01,0.2275,,
2010-12-02,0.255,,
2010-12-03,0.251060083576856,,
2010-12-04,0.205000526008182,,
2010-12-05,0.202850017533606,,
2010-12-06,0.204,,
2010-12-07,0.233420385739334,,
2010-12-08,0.2388,,
2010-12-09,0.199991694330801,,
2010-12-10,0.204,,
2010-12-11,0.228,,
2010-12-12,0.219853611922852,,
2010-12-13,0.227605236703682,,
2010-12-14,0.24669,,
2010-12-15,0.24,,
2010-12-16,0.24996,,
2010-12-17,0.242655815312683,,
2010-12-18,0.241,,
2010-12-19,0.2401,,
2010-12-20,0.267,,
2010-12-21,0.241436002337814,,
2010-12-22,0.25,,
2010-12-23,0.249970127995324,,
2010-12-24,0.248,,
2010-12-25,0.2499,,
2010-12-26,0.264962127410871,,
2010-12-27,0.264785388661601,,
2010-12-28,0.281,,
2010-12-29,0.3,,
2010-12-30,0.3,,
2010-12-31,0.3,,
2011-01-01,0.3,,
2011-01-02,0.29997,,
2011-01-03,0.295,,
2011-01-04,0.29895,,
2011-01-05,0.298916302162478,,
2011-01-06,0.298,,
2011-01-07,0.32,,
2011-01-08,0.3229,,
2011-01-09,0.323,,
2011-01-10,0.32659,,
2011-01-11,0.32659,,
2011-01-12,0.318799621274109,,
2011-01-13,0.3176,,
2011-01-14,0.399990005844535,,
2011-01-15,0.386,,
2011-01-16,0.38679,,
2011-01-17,0.3495,,
2011-01-18,0.31299,,
2011-01-19,0.31299,,
2011-01-20,0.39,,
2011-01-21,0.41991,,
2011-01-22,0.44003552893045,,
2011-01-23,0.4424,,
2011-01-24,0.4199,,
2011-01-25,0.41,,
2011-01-26,0.415085129748685,,
2011-01-27,0.4212,,
2011-01-28,0.444484044418469,,
2011-01-29,0.439,,
2011-01-30,0.477142033898305,,
2011-01-31,0.525136870251315,,
2011-02-01,0.707510116890707,,
2011-02-02,0.725434821741671,,
2011-02-03,0.693898367621274,,
2011-02-04,0.810958971361777,,
2011-02-05,0.911671477498539,,
2011-02-06,0.898,,
2011-02-07,0.889421369959088,,
2011-02-08,0.918,,
2011-02-09,1.01605024547049,,
2011-02-10,0.979652963179427,,
2011-02-11,1.05406945353594,,
2011-02-12,1.07870328404442,,
2011-02-13,1.05,,
2011-02-14,1.07001262419638,,
2011-02-15,1.05,,
2011-02-16,1.031687628872,,
2011-02-17,1.0399231975453,,
2011-02-18,0.898955914669784,,
2011-02-19,0.944028116890707,,
2011-02-20,0.865,,
2011-02-21,0.835747428404442,,
2011-02-22,0.877041779661017,,
2011-02-23,0.9,,
2011-02-24,0.989095265926359,,
2011-02-25,0.914652001753361,,
2011-02-26,0.958,,
2011-02-27,0.895033114552893,,
2011-02-28,0.860220923436587,,
2011-03-01,0.921096891876096,,
2011-03-02,0.9399,,
2011-03-03,0.939073383401519,,
2011-03-04,0.9011,,
2011-03-05,0.90784060666277,,
2011-03-06,0.884770973115138,,
2011-03-07,0.877583864406779,,
2011-03-08,0.866071591466979,,
2011-03-09,0.86,,
2011-03-10,0.920670309760374,,
2011-03-11,0.88,,
2011-03-12,0.917815513150205,,
2011-03-13,0.89249,,
2011-03-14,0.893924922852133,,
2011-03-15,0.87224,,
2011-03-16,0.851211665692578,,
2011-03-17,0.82542,,
2011-03-18,0.801959208065459,,
2011-03-19,0.765,,
2011-03-20,0.7415,,
2011-03-21,0.75897,,
2011-03-22,0.809130292811222,,
2011-03-23,0.84971,,
2011-03-24,0.872374365867914,,
2011-03-25,0.88377,,
2011-03-26,0.8552,,
2011-03-27,0.822,,
2011-03-28,0.794740500292227,,
2011-03-29,0.792509941554646,,
2011-03-30,0.789706312098189,,
2011-03-31,0.78461,,
2011-04-01,0.77411,,
2011-04-02,0.78199,,
2011-04-03,0.779,,
2011-04-04,0.68,,
2011-04-05,0.715691834599649,,
2011-04-06,0.74,,
2011-04-07,0.7538,,
2011-04-08,0.74999,,
2011-04-09,0.734060517241379,,
2011-04-10,0.733156820572765,,
2011-04-11,0.770113933372297,,
2011-04-12,0.861381607831677,,
2011-04-13,0.930320058445353,,
2011-04-14,0.998629766218586,,
2011-04-15,0.983673136762127,,
2011-04-16,1.04663285797779,,
2011-04-17,1.09812209789597,,
2011-04-18,1.14943331151373,,
2011-04-19,1.18516222092344,,
2011-04-20,1.14212598480421,,
2011-04-21,1.20733887200468,,
2011-04-22,1.40450508182349,,
2011-04-23,1.82885230099357,,
2011-04-24,1.63198421975453,,
2011-04-25,1.56448363530099,,
2011-04-26,1.77084089012274,,
2011-04-27,1.9031759585038,,
2011-04-28,2.28574446580947,,
2011-04-29,2.85060509000585,,
2011-04-30,3.5,,
2011-05-01,3.0942275534775,,
2011-05-02,3.2,,
2011-05-03,3.36058570368206,,
2011-05-04,3.40867304734074,,
2011-05-05,3.34373668439509,,
2011-05-06,3.45507558445354,,
2011-05-07,3.64126297779077,,
2011-05-08,3.84866837697253,,
2011-05-09,3.80408958211572,,
2011-05-10,5.65166700233781,,
2011-05-11,5.43975104383402,,
2011-05-12,6.3348786943308,,
2011-05-13,8.13903486732905,,
2011-05-14,7.00724382933957,,
2011-05-15,6.92492484453536,,
2011-05-16,7.88514074517826,,
2011-05-17,7.25719954061952,,
2011-05-18,6.76316336236119,,
2011-05-19,6.89014363237873,,
2011-05-20,5.61809621858562,,
2011-05-21,6.08480066744594,,
2011-05-22,6.71195603974284,,
2011-05-23,7.06525678375219,,
2011-05-24,7.40266058211573,,
2011-05-25,8.56928963705436,,
2011-05-26,8.78215543424898,,
2011-05-27,8.52865846814728,,
2011-05-28,8.34926911981298,,
2011-05-29,8.40095347223846,,
2011-05-30,8.77934246464056,,
2011-05-31,8.72157642197545,,
2011-06-01,9.62377723202805,,
2011-06-02,10.7027602279369,,
2011-06-03,14.2646467738165,,
2011-06-04,18.3127387258913,,
2011-06-05,16.5433423962595,,
2011-06-06,18.4020986440678,,
2011-06-07,23.2378784628872,,
2011-06-08,29.0299213267095,,
2011-06-09,28.7905440181181,,
2011-06-10,24.0493992285213,,
2011-06-11,14.7497466277031,,
2011-06-12,18.8501447311514,,
2011-06-13,19.5423291145529,,
2011-06-14,19.2577355055523,,
2011-06-15,19.4641426241964,,
2011-06-16,17.9293625423729,,
2011-06-17,15.4363689129164,,
2011-06-18,16.8754045353594,,
2011-06-19,17.5107167913501,,
2011-06-20,17.5107167913501,,
2011-06-21,17.5107167913501,,
2011-06-22,17.5107167913501,,
2011-06-23,17.5107167913501,,
2011-06-24,17.5107167913501,,
2011-06-25,17.5107167913501,,
2011-06-26,16.3613420157802,,
2011-06-27,16.7522858132671,,
2011-06-28,16.9618353071303,,
2011-06-29,16.8545683179427,,
2011-06-30,16.1852627808299,,
2011-07-01,15.4203573991818,,
2011-07-02,15.38284406955,,
2011-07-03,15.4575505604909,,
2011-07-04,13.8527968123904,,
2011-07-05,12.9648177147867,,
2011-07-06,14.7147835832846,,
2011-07-07,14.7972891613092,,
2011-07-08,14.2990376969608,,
2011-07-09,14.3815006697838,,
2011-07-10,14.6229375511397,,
2011-07-11,14.3101554330801,,
2011-07-12,14.0212726215663,,
2011-07-13,13.9714545225015,,
2011-07-14,13.997974547633,,
2011-07-15,13.8063904056108,,
2011-07-16,13.7130792992402,,
2011-07-17,13.2581353109293,,
2011-07-18,13.6305212504383,,
2011-07-19,13.8247948386908,,
2011-07-20,13.6783305920514,,
2011-07-21,13.6118084418469,,
2011-07-22,13.6985473310929,,
2011-07-23,13.6817183424898,,
2011-07-24,13.992515176505,,
2011-07-25,14.0334253787259,,
2011-07-26,13.8780323232028,,
2011-07-27,13.878224755114,,
2011-07-28,13.4915910756867,,
2011-07-29,13.5123163901227,,
2011-07-30,13.5402806738749,,
2011-07-31,13.3729061022794,,
2011-08-01,13.0191138468732,,
2011-08-02,12.2141564389246,,
2011-08-03,9.28635691350088,,
2011-08-04,10.7685037481005,,
2011-08-05,9.73015395967271,,
2011-08-06,6.964169735827,,
2011-08-07,8.50179329222677,,
2011-08-08,7.77533763793104,,
2011-08-09,9.80249948100526,,
2011-08-10,10.0512531274109,,
2011-08-11,9.43841299473992,,
2011-08-12,9.45299328521333,,
2011-08-13,10.0040247445938,,
2011-08-14,10.8068207665108,,
2011-08-15,11.1306965499708,,
2011-08-16,10.9919655669199,,
2011-08-17,10.9639640561075,,
2011-08-18,10.8584714558738,,
2011-08-19,11.6704730432496,,
2011-08-20,11.4597317393337,,
2011-08-21,11.3544813407364,,
2011-08-22,10.9208958246639,,
2011-08-23,10.9172450543542,,
2011-08-24,10.870444289889,,
2011-08-25,9.5460936735827,,
2011-08-26,8.12692016306254,,
2011-08-27,8.59649760666277,,
2011-08-28,9.03086639976622,,
2011-08-29,8.96115727060199,,
2011-08-30,8.80994873816481,,
2011-08-31,8.19915176446523,,
2011-09-01,8.23428166510813,,
2011-09-02,8.6214244377557,,
2011-09-03,8.44965344067796,,
2011-09-04,8.20347060227937,,
2011-09-05,7.5973325251315,,
2011-09-06,6.84653002893045,,
2011-09-07,7.16297027352426,,
2011-09-08,6.67818000029223,,
2011-09-09,4.98677704178843,,
2011-09-10,4.74284665517242,,
2011-09-11,5.85290397253068,,
2011-09-12,6.09062947223846,,
2011-09-13,5.80252327703098,,
2011-09-14,5.59743261016949,,
2011-09-15,4.86775518468732,,
2011-09-16,4.83116810052601,,
2011-09-17,4.775285635301,,
2011-09-18,5.23673227819988,,
2011-09-19,5.52037669199299,,
2011-09-20,6.14666555172414,,
2011-09-21,5.59706749795441,,
2011-09-22,5.47504877673875,,
2011-09-23,5.56342141963764,,
2011-09-24,5.45788968731736,,
2011-09-25,5.34115488135593,,
2011-09-26,4.87382608123904,,
2011-09-27,4.91115779251899,,
2011-09-28,4.76341532144945,,
2011-09-29,4.77766097837522,,
2011-09-30,5.14368590999416,,
2011-10-01,5.03407054471069,,
2011-10-02,5.00706259672706,,
2011-10-03,5.02284486031561,,
2011-10-04,4.95680562068966,,
2011-10-05,4.88506713091759,,
2011-10-06,4.73016629573349,,
2011-10-07,4.27603575686733,,
2011-10-08,3.98125299415546,,
2011-10-09,4.11163464348334,,
2011-10-10,4.07496248392753,,
2011-10-11,4.00892449590883,,
2011-10-12,4.16623534248977,,
2011-10-13,4.03698109000584,,
2011-10-14,3.98628088544711,,
2011-10-15,3.83733856049094,,
2011-10-16,3.60974171654003,,
2011-10-17,2.58124672180012,,
2011-10-18,2.42227473816482,,
2011-10-19,2.21725471303331,,
2011-10-20,2.35612350847458,,
2011-10-21,2.57009230508475,,
2011-10-22,3.15548613851549,,
2011-10-23,3.14775092986558,,
2011-10-24,2.52293599766219,,
2011-10-25,2.80192383109293,,
2011-10-26,2.7775052390415,,
2011-10-27,3.04540782758621,,
2011-10-28,3.17963943658679,,
2011-10-29,3.56918896873174,,
2011-10-30,3.25740372296902,,
2011-10-31,3.26509821274109,,
2011-11-01,3.17100774284044,,
2011-11-02,3.2558005666277,,
2011-11-03,3.16831638515488,,
2011-11-04,3.12011817182934,,
2011-11-05,2.97781759789597,,
2011-11-06,2.96272057685564,,
2011-11-07,3.01775768731736,,
2011-11-08,3.05656711104617,,
2011-11-09,2.9195672238457,,
2011-11-10,2.85670208533022,,
2011-11-11,3.06786173348919,,
2011-11-12,3.02552299590883,,
2011-11-13,2.98637330333139,,
2011-11-14,2.22422446434833,,
2011-11-15,2.3223841157218,,
2011-11-16,2.54678093074226,,
2011-11-17,2.27909583576856,,
2011-11-18,2.10506600321449,,
2011-11-19,2.20345672180012,,
2011-11-20,2.20198950964348,,
2011-11-21,2.27987916540035,,
2011-11-22,2.32245859614261,,
2011-11-23,2.33032356750438,,
2011-11-24,2.43887900029223,,
2011-11-25,2.49616100292227,,
2011-11-26,2.47179996902396,,
2011-11-27,2.47756495119813,,
2011-11-28,2.5412402521917,,
2011-11-29,2.75769848275862,,
2011-11-30,2.9660415458796,,
2011-12-01,3.08258945002922,,
2011-12-02,3.10040233313852,,
2011-12-03,2.80385618527177,,
2011-12-04,2.81969397603741,,
2011-12-05,2.87479622735242,,
2011-12-06,3.02536045149036,,
2011-12-07,2.98550242109877,,
2011-12-08,2.99188048305085,,
2011-12-09,2.95579195207481,,
2011-12-10,3.06897526709527,,
2011-12-11,3.2492688471654,,
2011-12-12,3.18733535651666,,
2011-12-13,3.24108840853302,,
2011-12-14,3.1550865043834,,
2011-12-15,3.20313854061952,,
2011-12-16,3.2091377773232,,
2011-12-17,3.19254170426651,,
2011-12-18,3.19401080888369,,
2011-12-19,3.52577391934541,,
2011-12-20,3.95255082729398,,
2011-12-21,3.88899325073057,,
2011-12-22,3.90306042051432,,
2011-12-23,3.93796507597896,,
2011-12-24,3.93941911864407,,
2011-12-25,4.23386687784921,,
2011-12-26,3.99912196405611,,
2011-12-27,4.0955185458796,,
2011-12-28,4.20729587609585,,
2011-12-29,4.17335222676797,,
2011-12-30,4.31063509000584,,
2011-12-31,4.71430633138515,,
2012-01-01,5.2948427773232,,
2012-01-02,5.2048778918761,,
2012-01-03,4.87050882875511,,
2012-01-04,5.58570626709527,,
2012-01-05,6.87400087726476,,
2012-01-06,6.68331663997662,,
2012-01-07,6.79622798071303,,
2012-01-08,7.09665056633548,,
2012-01-09,6.28853834248977,,
2012-01-10,6.52847455523086,,
2012-01-11,6.88912772121566,,
2012-01-12,6.77356419579194,,
2012-01-13,6.45436889012273,,
2012-01-14,6.76172714260666,,
2012-01-15,7.04692255815312,,
2012-01-16,6.71560766656926,,
2012-01-17,5.59962195032145,,
2012-01-18,5.9002312881356,,
2012-01-19,6.31570634161309,,
2012-01-20,6.50149198831093,,
2012-01-21,6.18056832554062,,
2012-01-22,6.30296722676797,,
2012-01-23,6.37487607714787,,
2012-01-24,6.27447647574518,,
2012-01-25,5.81046507247224,,
2012-01-26,5.36722695441262,,
2012-01-27,5.30313719696084,,
2012-01-28,5.65979677498539,,
2012-01-29,5.39142945733489,,
2012-01-30,5.50348193863238,,
2012-01-31,5.53822029573349,,
2012-02-01,6.07523265225015,,
2012-02-02,6.09957291291642,,
2012-02-03,5.95161092752776,,
2012-02-04,5.8954132390415,,
2012-02-05,5.67811571712449,,
2012-02-06,5.48266405844535,,
2012-02-07,5.66202770017534,,
2012-02-08,5.6185281899474,,
2012-02-09,5.83569985417884,,
2012-02-10,5.93783415546464,,
2012-02-11,5.61213285330216,,
2012-02-12,5.51909716949152,,
2012-02-13,5.34835455932203,,
2012-02-14,4.48365409175921,,
2012-02-15,4.3255203220339,,
2012-02-16,4.25523904500292,,
2012-02-17,4.39153837288136,,
2012-02-18,4.27008127761543,,
2012-02-19,4.38955145821157,,
2012-02-20,4.36513593892461,,
2012-02-21,4.31511560198714,,
2012-02-22,4.41931028755114,,
2012-02-23,5.03951511805961,,
2012-02-24,5.02560875891292,,
2012-02-25,4.77256738106371,,
2012-02-26,4.9264208515488,,
2012-02-27,4.95251575628287,,
2012-02-28,4.85725777556984,,
2012-02-29,4.87274875569842,,
2012-03-01,4.92207212361192,,
2012-03-02,4.71482358708358,,
2012-03-03,4.62819325248393,,
2012-03-04,4.83414448158971,,
2012-03-05,4.98239290385739,,
2012-03-06,4.98784135242548,,
2012-03-07,4.94911288457043,,
2012-03-08,4.93497949503214,,
2012-03-09,4.87229784745763,,
2012-03-10,4.84142380479252,,
2012-03-11,4.89202875160724,,
2012-03-12,4.91083937931035,,
2012-03-13,5.29088027878434,,
2012-03-14,5.39054329222677,,
2012-03-15,5.34082089888954,,
2012-03-16,5.33957479135009,,
2012-03-17,5.23600355406195,,
2012-03-18,5.27014898538866,,
2012-03-19,4.67867255289305,,
2012-03-20,4.83083021624781,,
2012-03-21,4.81722952483928,,
2012-03-22,4.72960850496785,,
2012-03-23,4.69164317650497,,
2012-03-24,4.65198626592636,,
2012-03-25,4.55227026241964,,
2012-03-26,4.63272235973115,,
2012-03-27,4.81134073524255,,
2012-03-28,4.79058939158387,,
2012-03-29,4.79406657218001,,
2012-03-30,4.86140935651666,,
2012-03-31,4.88977687317358,,
2012-04-01,4.79332567738165,,
2012-04-02,4.98304547866745,,
2012-04-03,4.95623319286967,,
2012-04-04,4.91784217767387,,
2012-04-05,4.92084924488603,,
2012-04-06,4.94910743220339,,
2012-04-07,4.70971191028638,,
2012-04-08,4.77881884921099,,
2012-04-09,4.85254738106371,,
2012-04-10,4.84141759380479,,
2012-04-11,4.91525071712449,,
2012-04-12,4.90115814728229,,
2012-04-13,4.93440673348919,,
2012-04-14,4.95636466101695,,
2012-04-15,4.9616003383986,,
2012-04-16,4.95076456925774,,
2012-04-17,4.9687445075979,,
2012-04-18,5.12437744301578,,
2012-04-19,5.13090651139684,,
2012-04-20,5.36651596814728,,
2012-04-21,5.28255033898305,,
2012-04-22,5.19560899473992,,
2012-04-23,5.11088819170076,,
2012-04-24,5.08786726241964,,
2012-04-25,5.14881624547048,,
2012-04-26,5.09741928579778,,
2012-04-27,5.09588733985973,,
2012-04-28,4.9707366528346,,
2012-04-29,4.90260617767387,,
2012-04-30,4.9421168100526,,
2012-05-01,4.98713722735243,,
2012-05-02,5.05343735388662,,
2012-05-03,5.11887297895967,,
2012-05-04,5.08550708825248,,
2012-05-05,5.05663956458212,,
2012-05-06,5.0478007729398,,
2012-05-07,5.06755586703682,,
2012-05-08,5.02346642285213,,
2012-05-09,5.04130623553478,,
2012-05-10,4.92748871975453,,
2012-05-11,4.96370997749854,,
2012-05-12,4.94653223495032,,
2012-05-13,4.94479505376973,,
2012-05-14,5.01143592197545,,
2012-05-15,5.03364040035067,,
2012-05-16,5.08778450905903,,
2012-05-17,5.08966168644068,,
2012-05-18,5.11830148275862,,
2012-05-19,5.11254581122151,,
2012-05-20,5.09420096843951,,
2012-05-21,5.0942213100526,,
2012-05-22,5.08913918877849,,
2012-05-23,5.12885889976622,,
2012-05-24,5.11915775920514,,
2012-05-25,5.13727680654588,,
2012-05-26,5.10397880479252,,
2012-05-27,5.13461613500877,,
2012-05-28,5.13632541905318,,
2012-05-29,5.14847069783752,,
2012-05-30,5.13826456925774,,
2012-05-31,5.18163972121566,,
2012-06-01,5.26694375803624,,
2012-06-02,5.24363906019871,,
2012-06-03,5.21270498480421,,
2012-06-04,5.25876585739334,,
2012-06-05,5.42601429485681,,
2012-06-06,5.44616942197545,,
2012-06-07,5.58716980976037,,
2012-06-08,5.62252910169492,,
2012-06-09,5.55700233547633,,
2012-06-10,5.45789356925774,,
2012-06-11,5.58699698158971,,
2012-06-12,5.72749129865575,,
2012-06-13,5.90930132378726,,
2012-06-14,5.96202318205728,,
2012-06-15,6.52338071917008,,
2012-06-16,6.44415828229106,,
2012-06-17,6.1999664880187,,
2012-06-18,6.31084466861485,,
2012-06-19,6.49482671595558,,
2012-06-20,6.69355105552309,,
2012-06-21,6.67226250379895,,
2012-06-22,6.56376169783752,,
2012-06-23,6.44754168907072,,
2012-06-24,6.35049403857393,,
2012-06-25,6.31747363004091,,
2012-06-26,6.43286082875511,,
2012-06-27,6.61571340151958,,
2012-06-28,6.59006463296318,,
2012-06-29,6.65877675715956,,
2012-06-30,6.68042762302747,,
2012-07-01,6.62686009234366,,
2012-07-02,6.74347805084746,,
2012-07-03,6.44999240327294,,
2012-07-04,6.51483533313852,,
2012-07-05,6.64239860432496,,
2012-07-06,6.67218118936295,,
2012-07-07,6.80827371186441,,
2012-07-08,6.79631768790181,,
2012-07-09,7.03239588603156,,
2012-07-10,7.17858003565167,,
2012-07-11,7.18514778901227,,
2012-07-12,7.55593565020456,,
2012-07-13,7.63092125599065,,
2012-07-14,7.58012917825833,,
2012-07-15,7.62723485973115,,
2012-07-16,8.49340567738165,,
2012-07-17,8.75198485505552,,
2012-07-18,9.09519268614845,,
2012-07-19,8.87953341350087,,
2012-07-20,8.53245067913501,,
2012-07-21,8.87564584102864,,
2012-07-22,8.50656254412624,,
2012-07-23,8.53121126943308,,
2012-07-24,8.57458517066043,,
2012-07-25,8.7693472729398,,
2012-07-26,8.87576504617183,,
2012-07-27,8.89145989421391,,
2012-07-28,8.84256089421391,,
2012-07-29,8.74768065926359,,
2012-07-30,9.08831724897721,,
2012-07-31,9.32099840210403,,
2012-08-01,9.56802090385739,,
2012-08-02,10.5510396960842,,
2012-08-03,10.9158647466394,,
2012-08-04,10.9197148807715,,
2012-08-05,10.805117377557,,
2012-08-06,10.8694465017534,,
2012-08-07,10.9412794400935,,
2012-08-08,11.0703915967271,,
2012-08-09,11.1037247440094,,
2012-08-10,11.4475688045003,,
2012-08-11,11.5425355271771,,
2012-08-12,11.5925523898305,,
2012-08-13,11.9849629903565,,
2012-08-14,12.1870974810053,,
2012-08-15,13.1700773538866,,
2012-08-16,13.4507908246639,,
2012-08-17,12.0770055423729,,
2012-08-18,11.5775071648159,,
2012-08-19,7.83062184190532,,
2012-08-20,9.97987664874343,,
2012-08-21,9.90298201811806,,
2012-08-22,9.772554578609,,
2012-08-23,10.0886574260666,,
2012-08-24,10.5940425943892,,
2012-08-25,10.5836766715371,,
2012-08-26,10.545530742256,,
2012-08-27,10.9003800806546,,
2012-08-28,10.9329585336061,,
2012-08-29,10.8677839018118,,
2012-08-30,10.7277488383986,,
2012-08-31,10.1024098205728,,
2012-09-01,10.0065329374635,,
2012-09-02,10.2261162016365,,
2012-09-03,10.4971343091759,,
2012-09-04,10.3640018942139,,
2012-09-05,11.0255228784337,,
2012-09-06,11.1607690157802,,
2012-09-07,11.0761223366452,,
2012-09-08,11.0432700333139,,
2012-09-09,11.0620954932788,,
2012-09-10,11.1252888047925,,
2012-09-11,11.2680929552893,,
2012-09-12,11.3152859082408,,
2012-09-13,11.38029928872,,
2012-09-14,11.730107622443,,
2012-09-15,11.7183934155465,,
2012-09-16,11.8869112238457,,
2012-09-17,11.908317157218,,
2012-09-18,12.2596508386908,,
2012-09-19,12.5048540981882,,
2012-09-20,12.3671766493279,,
2012-09-21,12.3336578357686,,
2012-09-22,12.2137276250731,,
2012-09-23,12.1654630263004,,
2012-09-24,12.11358871654,,
2012-09-25,12.1824053945061,,
2012-09-26,12.3198168597312,,
2012-09-27,12.3187514018118,,
2012-09-28,12.3814573892461,,
2012-09-29,12.4047515055523,,
2012-09-30,12.3916224728229,,
2012-10-01,12.3893951601403,,
2012-10-02,12.8072380958504,,
2012-10-03,12.9554304944477,,
2012-10-04,12.8623857779077,,
2012-10-05,12.7522194190532,,
2012-10-06,12.5051297136178,,
2012-10-07,11.8739970853302,,
2012-10-08,11.7333297481005,,
2012-10-09,11.8286634354179,,
2012-10-10,12.109188478083,,
2012-10-11,12.0675518082992,,
2012-10-12,12.0280681648159,,
2012-10-13,11.9268038293396,,
2012-10-14,11.6505779608416,,
2012-10-15,11.9083095268849,,
2012-10-16,11.8480180689655,,
2012-10-17,11.9193881607247,,
2012-10-18,11.9259328445354,,
2012-10-19,11.7574857971946,,
2012-10-20,11.6943775517241,,
2012-10-21,11.657411405903,,
2012-10-22,11.7410779129164,,
2012-10-23,11.7077817299825,,
2012-10-24,11.6343523869082,,
2012-10-25,10.7536298202805,,
2012-10-26,10.130619493571,,
2012-10-27,10.4581862957335,,
2012-10-28,10.7099620838691,,
2012-10-29,10.6307389760374,,
2012-10-30,10.8593230584454,,
2012-10-31,11.1460718381064,,
2012-11-01,10.6135357510228,,
2012-11-02,10.5305036388077,,
2012-11-03,10.650747019287,,
2012-11-04,10.7968828924605,,
2012-11-05,10.7408207352425,,
2012-11-06,10.8681974991233,,
2012-11-07,10.9540989444769,,
2012-11-08,10.892699371128,,
2012-11-09,10.8158672180012,,
2012-11-10,10.8632604430158,,
2012-11-11,10.8418406388077,,
2012-11-12,11.0313424552893,,
2012-11-13,10.9980027790766,,
2012-11-14,10.9589524184687,,
2012-11-15,11.1751098585622,,
2012-11-16,11.705044829924,,
2012-11-17,11.7500423991818,,
2012-11-18,11.6656310321449,,
2012-11-19,11.7505293506721,,
2012-11-20,11.6991703167738,,
2012-11-21,11.7291351759205,,
2012-11-22,12.2919979465225,,
2012-11-23,12.2802876195207,,
2012-11-24,12.4132043997662,,
2012-11-25,12.5296894897721,,
2012-11-26,12.1846262399182,,
2012-11-27,12.1592753845704,,
2012-11-28,12.3316598270018,,
2012-11-29,12.4976616534191,,
2012-11-30,12.5861389275278,,
2012-12-01,12.5923868702513,,
2012-12-02,12.4979447565751,,
2012-12-03,12.6569578369375,,
2012-12-04,13.3695895815313,,
2012-12-05,13.3127502220923,,
2012-12-06,13.4779245403273,,
2012-12-07,13.4772824494448,,
2012-12-08,13.4999844091175,,
2012-12-09,13.3465108907072,,
2012-12-10,13.4922565809468,,
2012-12-11,13.615415666277,,
2012-12-12,13.6682136426067,,
2012-12-13,13.7552515207481,,
2012-12-14,13.6009222527762,,
2012-12-15,13.5309482887201,,
2012-12-16,13.3328610765634,,
2012-12-17,13.3200719514904,,
2012-12-18,13.2720338690824,,
2012-12-19,13.5385431800117,,
2012-12-20,13.5700270263004,,
2012-12-21,13.4289680023378,,
2012-12-22,13.4272139129164,,
2012-12-23,13.3181057568673,,
2012-12-24,13.4266626715371,,
2012-12-25,13.3655670046756,,
2012-12-26,13.4546990175336,,
2012-12-27,13.3993031811806,,
2012-12-28,13.4555072215079,,
2012-12-29,13.3740038603156,,
2012-12-30,13.445013798948,,
2012-12-31,13.5455524436002,,
2013-01-01,13.3313714219755,,
2013-01-02,13.2806068129749,,
2013-01-03,13.3840811484512,,
2013-01-04,13.4517211496201,,
2013-01-05,13.459406766803,,
2013-01-06,13.5044965078901,,
2013-01-07,13.5560616578025,,
2013-01-08,13.7803506312098,,
2013-01-09,13.8209552565751,,
2013-01-10,14.12317285564,,
2013-01-11,14.2276211227352,,
2013-01-12,14.2142856560491,,
2013-01-13,14.1607882670953,,
2013-01-14,14.3179703202805,,
2013-01-15,14.3136377516072,,
2013-01-16,14.7078140479252,,
2013-01-17,15.598599739626,,
2013-01-18,15.7157911239042,,
2013-01-19,15.5881263997662,,
2013-01-20,15.7195921373466,,
2013-01-21,16.7810195207481,,
2013-01-22,17.3001788386908,,
2013-01-23,17.5363954228521,,
2013-01-24,16.90108607218,,
2013-01-25,17.4072020292227,,
2013-01-26,17.5536291760608,,
2013-01-27,17.8646280148217,,
2013-01-28,18.7942648743425,,
2013-01-29,19.5147141861484,,
2013-01-30,19.7374466864407,,
2013-01-31,20.5116430306838,,
2013-02-01,20.443091956166,,
2013-02-02,19.6359017054354,,
2013-02-03,20.5789396832262,,
2013-02-04,20.4404879614261,,
2013-02-05,20.6593447276446,,
2013-02-06,21.2085655318527,,
2013-02-07,22.1177651789246,,
2013-02-08,22.7873650499299,,
2013-02-09,23.7338601537113,,
2013-02-10,23.9002893571011,,
2013-02-11,24.4972726949153,,
2013-02-12,24.9797364073641,,
2013-02-13,24.6416509347867,,
2013-02-14,27.2823898203039,,
2013-02-15,27.1712692291058,,
2013-02-16,27.3461635619521,,
2013-02-17,26.9272513763881,,
2013-02-18,26.9288676370544,,
2013-02-19,29.4136243807715,,
2013-02-20,29.8198072276447,,
2013-02-21,29.8180689158387,,
2013-02-22,30.4726565324372,,
2013-02-23,29.8064545458796,,
2013-02-24,29.8828484924021,,
2013-02-25,30.3520330949737,,
2013-02-26,31.1555373506721,,
2013-02-27,31.2402610829924,,
2013-02-28,33.3752939365868,,
2013-03-01,34.6062570341204,,
2013-03-02,34.143515924021,,
2013-03-03,34.451740484512,,
2013-03-04,36.3762652507306,,
2013-03-05,40.6729539902747,,
2013-03-06,43.2849961852133,,
2013-03-07,41.9474407158387,,
2013-03-08,43.902928914962,,
2013-03-09,46.8885866123086,,
2013-03-10,46.0660384590181,,
2013-03-11,48.275074577218,,
2013-03-12,44.4135452582116,,
2013-03-13,47.0161908515809,,
2013-03-14,46.9255625535453,,
2013-03-15,46.9025172478223,,
2013-03-16,47.1570156995909,,
2013-03-17,47.3334997837522,,
2013-03-18,51.3654363912578,,
2013-03-19,59.4986011114249,,
2013-03-20,63.6874854981899,,
2013-03-21,70.9175250053215,,
2013-03-22,69.8460845417884,,
2013-03-23,64.3831163705435,,
2013-03-24,71.6904242064758,,
2013-03-25,74.3140892495617,,
2013-03-26,78.6141974320088,,
2013-03-27,88.8520799138223,,
2013-03-28,87.6731739608416,,
2013-03-29,90.29569935827,,
2013-03-30,92.1899599883109,,
2013-03-31,93.8992384231444,,
2013-04-01,103.580346911163,,
2013-04-02,116.679944241173,,
2013-04-03,131.384809378154,,
2013-04-04,133.007120475745,,
2013-04-05,142.626065488019,,
2013-04-06,143.081822964933,,
2013-04-07,162.852214576856,,
2013-04-08,186.351161848042,,
2013-04-09,230.682996695207,,
2013-04-10,161.192889661017,,
2013-04-11,82.9015850379895,,
2013-04-12,111.476373194039,,
2013-04-13,97.6090718702513,,
2013-04-14,88.8614913997663,,
2013-04-15,80.8746931659848,,
2013-04-16,68.2831387270602,,
2013-04-17,92.8640369135009,,
2013-04-18,108.628345092344,,
2013-04-19,119.012283239042,,
2013-04-20,128.208288893045,,
2013-04-21,118.483243756283,,
2013-04-22,126.31427175979,,
2013-04-23,142.127218053185,,
2013-04-24,154.1332778045,,
2013-04-25,141.008659278492,,
2013-04-26,137.209600419638,,
2013-04-27,128.226669605202,,
2013-04-28,134.62356956166,,
2013-04-29,143.810378192577,,
2013-04-30,139.129647545295,,
2013-05-01,116.113801040327,,
2013-05-02,106.340984697253,,
2013-05-03,96.3168402741087,,
2013-05-04,112.497636369082,,
2013-05-05,116.488715827002,,
2013-05-06,112.118596195207,,
2013-05-07,111.609212873466,,
2013-05-08,113.136061854763,,
2013-05-09,111.974532710696,,
2013-05-10,117.691036883694,,
2013-05-11,115.49977766277,,
2013-05-12,114.885675559614,,
2013-05-13,117.404456646113,,
2013-05-14,107.865566569258,,
2013-05-15,108.986852425482,,
2013-05-16,112.917874050263,,
2013-05-17,117.284616014027,,
2013-05-18,118.169876680304,,
2013-05-19,117.033880187025,,
2013-05-20,117.818636469901,,
2013-05-21,117.252040911748,,
2013-05-22,118.9781735827,,
2013-05-23,123.726156049094,,
2013-05-24,128.971080654588,,
2013-05-25,128.844915254237,,
2013-05-26,130.158601110462,,
2013-05-27,126.392905902981,,
2013-05-28,125.904595265926,,
2013-05-29,129.564812390415,,
2013-05-30,126.513068381064,,
2013-05-31,127.816488895383,,
2013-06-01,128.791151081239,,
2013-06-02,122.626708942139,,
2013-06-03,122.949187901812,,
2013-06-04,120.189968731736,,
2013-06-05,120.869923845704,,
2013-06-06,119.053975669784,,
2013-06-07,110.1977314436,,
2013-06-08,109.178545341321,,
2013-06-09,99.9036034482759,,
2013-06-10,104.357566627703,,
2013-06-11,107.507520455874,,
2013-06-12,106.378116306254,,
2013-06-13,101.323897720631,,
2013-06-14,99.2132443015781,,
2013-06-15,99.8750374050263,,
2013-06-16,99.0383512565751,,
2013-06-17,100.126305084746,,
2013-06-18,104.289176382233,,
2013-06-19,104.417150789012,,
2013-06-20,104.323499707773,,
2013-06-21,101.416857393337,,
2013-06-22,100.039508474576,,
2013-06-23,100.314744593805,,
2013-06-24,99.0456832261835,,
2013-06-25,97.8327887200468,,
2013-06-26,98.6517007597896,,
2013-06-27,96.8039495990649,,
2013-06-28,89.4245067212157,,
2013-06-29,88.7972910578609,,
2013-06-30,89.4809076563413,,
2013-07-01,82.8675701344243,,
2013-07-02,87.8164666861484,,
2013-07-03,77.6913308007014,,
2013-07-04,79.1348708357686,,
2013-07-05,67.4476238527177,,
2013-07-06,66.3416808883694,,
2013-07-07,72.1095223728814,,
2013-07-08,73.9885537697253,,
2013-07-09,74.8919108708358,,
2013-07-10,85.0136791350088,,
2013-07-11,87.4975493863238,,
2013-07-12,90.0466987142022,,
2013-07-13,91.5925978959673,,
2013-07-14,89.892269275862,,
2013-07-15,93.7961525423729,,
2013-07-16,91.7810356516657,,
2013-07-17,91.0313512565751,,
2013-07-18,84.9617291174752,,
2013-07-19,86.2387945996493,,
2013-07-20,84.9108591466978,,
2013-07-21,85.6643502618352,,
2013-07-22,85.6490286382233,,
2013-07-23,86.977056691993,,
2013-07-24,88.15173056692,,
2013-07-25,90.166092226768,,
2013-07-26,89.9839859731151,,
2013-07-27,88.165275862069,,
2013-07-28,92.7458421975453,,
2013-07-29,93.2986972530684,,
2013-07-30,96.659552893045,,
2013-07-31,98.0244199298656,,
2013-08-01,96.5680178258329,,
2013-08-02,96.0745306838106,,
2013-08-03,95.5067095265926,,
2013-08-04,96.3654821741672,,
2013-08-05,97.5271338398598,,
2013-08-06,97.6712066043249,,
2013-08-07,97.0542068965517,,
2013-08-08,94.2572717708942,,
2013-08-09,92.4727767387493,,
2013-08-10,93.293552893045,,
2013-08-11,94.271312390415,,
2013-08-12,95.4464707773232,,
2013-08-13,97.7590750847458,,
2013-08-14,99.1212875511397,,
2013-08-15,98.1063331385155,,
2013-08-16,98.2909602571596,,
2013-08-17,99.6305043834015,,
2013-08-18,99.1780397428405,,
2013-08-19,102.784012273524,,
2013-08-20,104.500210987726,,
2013-08-21,110.801603740503,,
2013-08-22,109.523216832262,,
2013-08-23,107.697571595558,,
2013-08-24,108.882675043834,,
2013-08-25,113.082563413209,,
2013-08-26,112.11811484512,,
2013-08-27,117.759790765634,,
2013-08-28,118.317414377557,,
2013-08-29,118.835638223261,,
2013-08-30,124.885379602572,,
2013-08-31,128.377978959673,,
2013-09-01,130.536372004676,,
2013-09-02,129.565371712449,,
2013-09-03,129.182803623612,,
2013-09-04,122.529238749269,,
2013-09-05,122.370085037989,,
2013-09-06,117.861146405611,,
2013-09-07,119.814989479836,,
2013-09-08,118.057386323787,,
2013-09-09,121.259272647575,,
2013-09-10,122.215530189363,,
2013-09-11,127.088227060199,,
2013-09-12,126.780723553478,,
2013-09-13,127.407745178258,,
2013-09-14,124.348477498539,,
2013-09-15,125.076417884278,,
2013-09-16,126.204665984804,,
2013-09-17,126.897250146113,,
2013-09-18,126.903819403857,,
2013-09-19,124.180957334892,,
2013-09-20,122.921635885447,,
2013-09-21,123.508256867329,,
2013-09-22,123.124935125658,,
2013-09-23,122.865699006429,,
2013-09-24,123.797357685564,,
2013-09-25,123.614078609001,,
2013-09-26,124.68567445938,,
2013-09-27,126.605347749854,,
2013-09-28,126.796551724138,,
2013-09-29,127.108627703098,,
2013-09-30,126.090261835184,,
2013-10-01,127.575424313267,,
2013-10-02,104.105092928112,,
2013-10-03,117.575495032145,,
2013-10-04,121.930347749854,,
2013-10-05,121.393402688486,,
2013-10-06,122.475261250731,,
2013-10-07,123.906872589129,,
2013-10-08,124.76652893045,,
2013-10-09,125.933520312683,,
2013-10-10,126.704650496785,,
2013-10-11,127.25529924021,,
2013-10-12,127.851263004091,,
2013-10-13,132.415658679135,,
2013-10-14,135.339194915254,,
2013-10-15,141.493908533022,,
2013-10-16,138.327921917008,,
2013-10-17,143.74713383986,,
2013-10-18,152.775572180012,,
2013-10-19,165.772717124489,,
2013-10-20,166.500151081239,,
2013-10-21,179.910628579778,,
2013-10-22,190.402781414378,,
2013-10-23,204.600350964348,,
2013-10-24,194.41004376505,,
2013-10-25,185.64378762595,,
2013-10-26,179.808218001169,,
2013-10-27,194.546133255406,,
2013-10-28,196.274687317358,,
2013-10-29,204.428174167154,,
2013-10-30,197.900599420982,,
2013-10-31,203.283649912332,,
2013-11-01,203.037109849386,,
2013-11-02,204.792881355932,,
2013-11-03,210.275382611748,,
2013-11-04,228.79103886616,,
2013-11-05,243.641668907072,,
2013-11-06,263.209583987142,,
2013-11-07,290.124226183518,,
2013-11-08,333.750656511981,,
2013-11-09,331.051148451198,,
2013-11-10,327.558653499708,,
2013-11-11,342.697692869667,,
2013-11-12,354.645488310929,,
2013-11-13,394.50449522443,,
2013-11-14,416.706303302747,,
2013-11-15,408.398797334892,,
2013-11-16,435.798442767387,,
2013-11-17,485.33657685564,,
2013-11-18,657.778503874927,,
2013-11-19,546.878397311514,,
2013-11-20,595.339099649328,,
2013-11-21,720.764425260082,,
2013-11-22,802.916933718294,,
2013-11-23,834.295339989129,,
2013-11-24,807.166695499708,,
2013-11-25,816.243386616014,,
2013-11-26,916.097160140269,,
2013-11-27,962.910560911748,,
2013-11-28,1007.38716364699,,
2013-11-29,1128.7254880187,,
2013-11-30,1119.29671478667,,
2013-12-01,964.485793687902,,
2013-12-02,1040.80821770894,,
2013-12-03,1053.62102744828,,
2013-12-04,1134.93223088837,,
2013-12-05,1027.411772827,,
2013-12-06,824.581710337814,,
2013-12-07,703.748376025716,,
2013-12-08,783.573348334307,,
2013-12-09,896.079289888954,,
2013-12-10,977.165367329047,,
2013-12-11,875.464034272355,,
2013-12-12,873.324805987727,,
2013-12-13,879.156135300994,,
2013-12-14,852.856120526008,,
2013-12-15,864.0616578609,,
2013-12-16,677.894106801286,,
2013-12-17,682.62677270602,,
2013-12-18,526.12097632671,,
2013-12-19,685.525128959673,,
2013-12-20,600.216954260666,,
2013-12-21,597.033502548217,,
2013-12-22,615.013035271771,,
2013-12-23,657.926634155465,,
2013-12-24,650.664745178258,,
2013-12-25,678.290158094681,,
2013-12-26,749.996594956166,,
2013-12-27,722.570567492694,,
2013-12-28,715.852363078901,,
2013-12-29,727.271215663355,,
2013-12-30,735.741997077732,,
2013-12-31,729.557582910579,,
2014-01-01,752.404549944594,,
2014-01-02,784.954921314436,,
2014-01-03,807.222939029807,,
2014-01-04,828.602062618352,,
2014-01-05,902.487380263004,,
2014-01-06,914.459960841613,,
2014-01-07,803.351796198714,,
2014-01-08,820.690009503214,,
2014-01-09,831.334750487434,,
2014-01-10,853.298854844603,,
2014-01-11,889.555837119345,,
2014-01-12,845.191332220924,,
2014-01-13,822.877012197545,,
2014-01-14,815.293602711864,,
2014-01-15,841.089857364115,,
2014-01-16,815.854800298071,,
2014-01-17,792.829506475745,,
2014-01-18,809.783528356386,,
2014-01-19,838.428474734073,,
2014-01-20,828.885216592636,,
2014-01-21,823.817963763881,,
2014-01-22,818.976386323787,,
2014-01-23,810.922425195792,,
2014-01-24,781.042513950906,,
2014-01-25,804.403240800701,,
2014-01-26,814.499381373466,,
2014-01-27,742.701374970777,,
2014-01-28,790.176401876096,,
2014-01-29,793.38442490941,,
2014-01-30,799.474479836353,,
2014-01-31,803.237598784921,,
2014-02-01,813.219549216833,,
2014-02-02,814.490870426651,,
2014-02-03,806.997428372531,,
2014-02-04,800.078231893629,,
2014-02-05,784.473692777791,,
2014-02-06,763.569382232612,,
2014-02-07,711.571273419053,,
2014-02-08,677.682300941379,,
2014-02-09,687.406054576271,,
2014-02-10,685.457498836938,,
2014-02-11,671.89969169024,,
2014-02-12,653.765780911747,,
2014-02-13,612.918414962011,,
2014-02-14,668.788602659264,,
2014-02-15,654.377060198714,,
2014-02-16,623.250321948568,,
2014-02-17,631.334596306254,,
2014-02-18,627.271761415484,,
2014-02-19,623.54013694623,,
2014-02-20,563.768561098773,,
2014-02-21,580.324315973115,,
2014-02-22,607.12463333723,,
2014-02-23,610.082323746347,,
2014-02-24,542.266650753945,,
2014-02-25,533.707644436002,,
2014-02-26,587.57858829924,,
2014-02-27,585.393925650058,,
2014-02-28,551.29477030976,,
2014-03-01,567.534235441262,,
2014-03-02,558.527707156633,,
2014-03-03,676.505732781999,,
2014-03-04,674.51139943308,,
2014-03-05,670.338851099514,,
2014-03-06,667.712834003507,,
2014-03-07,631.770295213326,,
2014-03-08,621.524114496201,,
2014-03-09,640.578889322034,,
2014-03-10,628.151241165985,,
2014-03-11,633.73383823495,,
2014-03-12,634.646823717125,,
2014-03-13,643.432100859147,,
2014-03-14,628.308590005845,,
2014-03-15,636.218650061368,,
2014-03-16,634.168900970894,,
2014-03-17,622.760208649912,,
2014-03-18,614.309513717125,,
2014-03-19,610.511203474576,,
2014-03-20,586.607595710111,,
2014-03-21,569.694517995324,,
2014-03-22,564.700026703682,,
2014-03-23,558.958861691408,,
2014-03-24,585.023250518995,,
2014-03-25,583.771189094097,,
2014-03-26,579.243850400994,,
2014-03-27,483.164012612507,,
2014-03-28,498.661328949153,,
2014-03-29,489.517023547633,,
2014-03-30,458.966328275862,,
2014-03-31,455.355354056108,,
2014-04-01,479.008465867913,,
2014-04-02,439.011492524839,,
2014-04-03,449.441151519579,,
2014-04-04,449.719869736996,,
2014-04-05,461.675331482174,,
2014-04-06,458.633480544535,,
2014-04-07,448.655275066394,,
2014-04-08,452.803098796026,,
2014-04-09,442.837984932203,,
2014-04-10,366.911866063413,,
2014-04-11,421.943528071303,,
2014-04-12,424.274212647575,,
2014-04-13,416.362321654004,,
2014-04-14,461.108246586649,,
2014-04-15,521.615299606078,,
2014-04-16,531.481846731999,,
2014-04-17,499.837551544721,,
2014-04-18,483.020013533606,,
2014-04-19,504.365595178488,,
2014-04-20,501.55718444916,,
2014-04-21,498.084530300994,,
2014-04-22,489.503510029223,,
2014-04-23,490.63296754332,,
2014-04-24,503.291801028638,,
2014-04-25,466.426171344243,,
2014-04-26,459.22670981882,,
2014-04-27,438.709363717287,,
2014-04-28,441.547805468089,,
2014-04-29,447.709930772047,,
2014-04-30,448.875715514009,,
2014-05-01,460.194698255991,,
2014-05-02,452.239779761701,,
2014-05-03,438.978588005844,,
2014-05-04,436.675398644705,,
2014-05-05,432.338179035394,,
2014-05-06,430.128205394506,,
2014-05-07,442.18287609585,,
2014-05-08,440.402762711864,,
2014-05-09,452.697999723553,,
2014-05-10,456.75584628872,,
2014-05-11,439.114476037405,,
2014-05-12,441.280955581531,,
2014-05-13,439.005774985389,,
2014-05-14,444.848205727645,,
2014-05-15,446.96155873758,,
2014-05-16,448.74215371128,,
2014-05-17,449.2222893045,,
2014-05-18,446.962641437756,,
2014-05-19,447.404856808884,,
2014-05-20,490.335648158971,,
2014-05-21,493.933491817651,,
2014-05-22,526.81428842782,,
2014-05-23,523.699320280538,,
2014-05-24,527.691243132671,,
2014-05-25,573.312458796026,,
2014-05-26,584.847974868498,,
2014-05-27,573.928269245471,,
2014-05-28,579.189318819404,,
2014-05-29,570.349310929281,,
2014-05-30,620.846360607832,,
2014-05-31,627.892420689655,,
2014-06-01,630.074953535944,,
2014-06-02,663.505723845704,,
2014-06-03,672.387897136178,,
2014-06-04,643.887368790181,,
2014-06-05,661.503558153127,,
2014-06-06,650.133315897136,,
2014-06-07,656.800271770894,,
2014-06-08,657.819974868498,,
2014-06-09,648.336322326125,,
2014-06-10,650.936609585038,,
2014-06-11,631.489022209235,,
2014-06-12,591.975077147867,,
2014-06-13,597.044999707773,,
2014-06-14,575.559461718293,,
2014-06-15,589.724646405611,,
2014-06-16,590.567482174167,,
2014-06-17,609.080002922268,,
2014-06-18,607.629796025716,,
2014-06-19,595.751476914085,,
2014-06-20,591.531522793688,,
2014-06-21,592.764349503215,,
2014-06-22,599.634633547633,,
2014-06-23,589.552299824664,,
2014-06-24,579.973718585622,,
2014-06-25,562.236779953244,,
2014-06-26,580.749230274693,,
2014-06-27,600.638305376973,,
2014-06-28,594.390304208065,,
2014-06-29,600.840518410286,,
2014-06-30,638.94611396844,,
2014-07-01,642.95659672706,,
2014-07-02,651.298347749854,,
2014-07-03,646.413389130333,,
2014-07-04,630.635502922268,,
2014-07-05,630.468341905318,,
2014-07-06,634.67267445938,,
2014-07-07,622.854978959673,,
2014-07-08,624.894331092928,,
2014-07-09,621.939091759205,,
2014-07-10,616.522849795441,,
2014-07-11,634.494378141438,,
2014-07-12,636.923957934541,,
2014-07-13,629.87575043834,,
2014-07-14,619.197459088252,,
2014-07-15,621.934601402689,,
2014-07-16,616.351882232612,,
2014-07-17,624.259274985389,,
2014-07-18,630.750140268849,,
2014-07-19,629.17336440678,,
2014-07-20,625.248676212741,,
2014-07-21,621.305331385155,,
2014-07-22,619.823264465225,,
2014-07-23,619.772816773817,,
2014-07-24,602.87964552893,,
2014-07-25,601.578514319112,,
2014-07-26,594.702607247224,,
2014-07-27,591.575444184687,,
2014-07-28,587.493004967855,,
2014-07-29,584.11239333723,,
2014-07-30,562.914625073057,,
2014-07-31,581.975561952075,,
2014-08-01,596.506759205143,,
2014-08-02,589.757261542957,,
2014-08-03,586.753736703682,,
2014-08-04,587.60833547633,,
2014-08-05,581.881988603156,,
2014-08-06,582.248371420222,,
2014-08-07,586.046633547633,,
2014-08-08,589.024412624196,,
2014-08-09,588.978521332554,,
2014-08-10,589.373502045587,,
2014-08-11,573.441483927528,,
2014-08-12,568.307520163647,,
2014-08-13,548.370175336061,,
2014-08-14,505.107499707773,,
2014-08-15,500.323060132671,,
2014-08-16,521.7479628872,,
2014-08-17,497.764658971362,,
2014-08-18,468.957918176505,,
2014-08-19,486.794350672122,,
2014-08-20,515.120353886616,,
2014-08-21,519.307852133255,,
2014-08-22,516.159368790181,,
2014-08-23,497.12575949737,,
2014-08-24,508.430741963764,,
2014-08-25,501.610286674459,,
2014-08-26,511.852321741672,,
2014-08-27,510.162323787259,,
2014-08-28,506.285151665693,,
2014-08-29,508.866571887785,,
2014-08-30,501.275723261251,,
2014-08-31,478.511425482174,,
2014-09-01,474.541489772063,,
2014-09-02,474.430670660433,,
2014-09-03,473.95920338983,,
2014-09-04,489.555201344243,,
2014-09-05,478.749782875511,,
2014-09-06,480.64249181765,,
2014-09-07,478.36550087668,,
2014-09-08,468.975495908825,,
2014-09-09,473.51202717709,,
2014-09-10,477.778417592051,,
2014-09-11,477.270682057276,,
2014-09-12,473.997282291058,,
2014-09-13,477.960973991818,,
2014-09-14,475.648063997662,,
2014-09-15,472.655629748685,,
2014-09-16,464.177754529515,,
2014-09-17,456.339891291642,,
2014-09-18,426.880106954997,,
2014-09-19,393.893890707189,,
2014-09-20,411.041342781999,,
2014-09-21,400.404530683811,,
2014-09-22,400.881622150789,,
2014-09-23,438.491800993571,,
2014-09-24,423.700091759205,,
2014-09-25,409.537749853887,,
2014-09-26,405.298251899474,,
2014-09-27,400.599334599649,,
2014-09-28,375.549989772063,,
2014-09-29,373.0645578609,,
2014-09-30,389.264040411455,,
2014-10-01,382.909365867914,,
2014-10-02,372.525699006429,,
2014-10-03,357.665713617767,,
2014-10-04,328.826113091759,,
2014-10-05,322.826261542957,,
2014-10-06,326.803532729398,,
2014-10-07,333.570194915254,,
2014-10-08,354.407334307423,,
2014-10-09,361.716424897721,,
2014-10-10,358.890390810053,,
2014-10-11,361.908376972531,,
2014-10-12,377.871243717124,,
2014-10-13,391.994208942139,,
2014-10-14,400.880592054354,,
2014-10-15,394.625879894798,,
2014-10-16,382.321476329632,,
2014-10-17,382.200789596727,,
2014-10-18,391.293177089421,,
2014-10-19,388.684497954413,,
2014-10-20,381.190858562244,,
2014-10-21,385.204633541204,,
2014-10-22,380.778763296318,,
2014-10-23,357.344793103448,,
2014-10-24,357.48843395675,,
2014-10-25,345.811246639392,,
2014-10-26,353.081956165985,,
2014-10-27,350.015711864407,,
2014-10-28,354.653805084746,,
2014-10-29,333.599350087668,,
2014-10-30,344.609382232613,,
2014-10-31,337.182912624196,,
2014-11-01,324.371315020456,,
2014-11-02,324.248566627703,,
2014-11-03,325.361865575687,,
2014-11-04,329.657703974284,,
2014-11-05,338.805765341905,,
2014-11-06,349.689911747516,,
2014-11-07,342.133288135593,,
2014-11-08,345.716332554062,,
2014-11-09,363.610051724138,,
2014-11-10,365.502253945061,,
2014-11-11,367.825466978375,,
2014-11-12,422.591419637639,,
2014-11-13,421.914471654004,,
2014-11-14,398.388882817066,,
2014-11-15,377.993840736411,,
2014-11-16,390.205823495032,,
2014-11-17,387.501031560491,,
2014-11-18,373.864564582116,,
2014-11-19,377.613398012858,,
2014-11-20,356.181265341905,,
2014-11-21,350.748858854471,,
2014-11-22,352.455514611338,,
2014-11-23,367.773242255991,,
2014-11-24,376.994223845704,,
2014-11-25,376.755630040912,,
2014-11-26,367.530208065459,,
2014-11-27,369.530227352425,,
2014-11-28,377.896931911163,,
2014-11-29,376.07633547633,,
2014-11-30,378.690397136178,,
2014-12-01,379.111978959673,,
2014-12-02,382.946796317943,,
2014-12-03,375.916019286967,,
2014-12-04,368.845568088837,,
2014-12-05,378.428329631794,,
2014-12-06,375.13795119813,,
2014-12-07,376.639793103448,,
2014-12-08,363.215676797195,,
2014-12-09,351.106837814144,,
2014-12-10,347.881393921683,,
2014-12-11,348.593006136762,,
2014-12-12,353.190612507306,,
2014-12-13,349.242945061368,,
2014-12-14,356.07972150789,,
2014-12-15,347.095181472823,,
2014-12-16,328.613320280538,,
2014-12-17,320.297613383986,,
2014-12-18,313.511651179427,,
2014-12-19,318.242888661601,,
2014-12-20,330.065758328463,,
2014-12-21,320.992670075979,,
2014-12-22,331.842584453536,,
2014-12-23,336.084128579778,,
2014-12-24,323.032297779077,,
2014-12-25,318.996144360023,,
2014-12-26,329.210341905319,,
2014-12-27,315.968443892461,,
2014-12-28,317.010480420807,,
2014-12-29,313.065531560491,,
2014-12-30,310.442004091175,,
2014-12-31,320.662287258913,,
2015-01-01,314.77647194623,,
2015-01-02,315.942731735827,,
2015-01-03,285.647309760374,,
2015-01-04,263.334574810053,,
2015-01-05,275.003851548802,,
2015-01-06,287.549521040327,,
2015-01-07,297.535565166569,,
2015-01-08,284.342391876096,,
2015-01-09,292.501114552893,,
2015-01-10,276.230532144944,,
2015-01-11,268.755515488019,,
2015-01-12,268.617232028054,,
2015-01-13,224.108117767388,,
2015-01-14,175.637640561075,,
2015-01-15,212.341011396844,,
2015-01-16,207.595204850964,,
2015-01-17,199.824836645237,,
2015-01-18,211.132518410286,,
2015-01-19,216.894694915254,,
2015-01-20,211.919853886616,,
2015-01-21,227.904210403273,,
2015-01-22,233.647382817066,,
2015-01-23,233.132852425482,,
2015-01-24,249.08212390415,,
2015-01-25,254.51794126242,,
2015-01-26,273.952244886032,,
2015-01-27,264.753804500292,,
2015-01-28,235.735840444185,,
2015-01-29,233.957373465809,,
2015-01-30,228.896189947399,,
2015-01-31,217.332156049094,,
2015-02-01,227.111301285798,,
2015-02-02,240.092419929866,,
2015-02-03,227.775695791935,,
2015-02-04,226.781134132087,,
2015-02-05,217.011151081239,,
2015-02-06,222.724969316189,,
2015-02-07,228.647127410871,,
2015-02-08,224.035988895383,,
2015-02-09,220.768493863238,,
2015-02-10,220.888154295734,,
2015-02-11,219.495859731151,,
2015-02-12,222.583227936879,,
2015-02-13,236.555363822326,,
2015-02-14,257.627695791935,,
2015-02-15,234.445803039158,,
2015-02-16,235.086126826417,,
2015-02-17,243.905794272355,,
2015-02-18,235.995232320281,,
2015-02-19,241.872253945061,,
2015-02-20,245.530775277615,,
2015-02-21,245.596002630041,,
2015-02-22,236.690668322618,,
2015-02-23,239.066017825833,,
2015-02-24,239.869262127411,,
2015-02-25,238.236111046172,,
2015-02-26,237.044402396259,,
2015-02-27,255.116774400935,,
2015-02-28,254.948448568089,,
2015-03-01,260.651330800701,,
2015-03-02,276.322613676213,,
2015-03-03,282.705900935126,,
2015-03-04,273.447536528346,,
2015-03-05,276.268809175921,,
2015-03-06,273.31811484512,,
2015-03-07,276.403357393337,,
2015-03-08,275.338033898305,,
2015-03-09,290.130059029807,,
2015-03-10,292.320383109293,,
2015-03-11,296.693329339568,,
2015-03-12,295.800344827586,,
2015-03-13,285.911026300409,,
2015-03-14,283.608306253653,,
2015-03-15,287.270142022209,,
2015-03-16,291.392118059614,,
2015-03-17,285.248396551724,,
2015-03-18,257.286160140269,,
2015-03-19,262.092947983635,,
2015-03-20,262.966492109877,,
2015-03-21,261.18429748685,,
2015-03-22,268.899415838691,,
2015-03-23,266.777992986558,,
2015-03-24,246.835082992402,,
2015-03-25,246.719136762127,,
2015-03-26,249.532993571011,,
2015-03-27,247.378898305085,,
2015-03-28,253.23161396844,,
2015-03-29,242.967614260666,,
2015-03-30,248.336934541204,,
2015-03-31,244.712485680888,,
2015-04-01,247.185819403857,,
2015-04-02,253.630070426651,,
2015-04-03,254.83316364699,,
2015-04-04,253.945848626534,,
2015-04-05,261.112136177674,,
2015-04-06,256.367386908241,,
2015-04-07,254.831898012858,,
2015-04-08,245.825210403273,,
2015-04-09,243.860636177674,,
2015-04-10,235.871900642899,,
2015-04-11,237.40906779661,,
2015-04-12,237.141042372881,,
2015-04-13,225.505635885447,,
2015-04-14,219.757236703682,,
2015-04-15,223.313907948568,,
2015-04-16,228.493815312683,,
2015-04-17,222.785060198714,,
2015-04-18,223.398044126242,,
2015-04-19,223.284135300994,,
2015-04-20,224.894903565167,,
2015-04-21,234.939356516657,,
2015-04-22,233.822418760958,,
2015-04-23,235.933293687902,,
2015-04-24,231.458592343659,,
2015-04-25,226.445992986558,,
2015-04-26,220.503406779661,,
2015-04-27,227.325990356517,,
2015-04-28,225.549368790181,,
2015-04-29,225.66928842782,,
2015-04-30,236.327976037405,,
2015-05-01,232.746582700175,,
2015-05-02,235.540077147867,,
2015-05-03,240.464248977206,,
2015-05-04,238.976661309176,,
2015-05-05,236.02338340152,,
2015-05-06,229.481219300429,,
2015-05-07,237.130687317358,,
2015-05-08,244.383472822911,,
2015-05-09,242.705950029223,,
2015-05-10,240.731483927528,,
2015-05-11,242.24983722969,,
2015-05-12,242.209092051432,,
2015-05-13,236.550265926359,,
2015-05-14,236.948916715371,,
2015-05-15,237.484502337814,,
2015-05-16,235.812134424313,,
2015-05-17,236.963682933957,,
2015-05-18,232.88384961543,,
2015-05-19,231.974446814728,,
2015-05-20,234.190306253653,,
2015-05-21,235.553821741672,,
2015-05-22,240.323203682057,,
2015-05-23,238.963281706604,,
2015-05-24,240.711758328463,,
2015-05-25,237.003543249562,,
2015-05-26,236.796261250731,,
2015-05-27,237.203596434833,,
2015-05-28,236.956881940386,,
2015-05-29,236.646526592636,,
2015-05-30,232.788770017534,,
2015-05-31,229.45054792519,,
2015-06-01,223.282701928697,,
2015-06-02,225.320800993571,,
2015-06-03,225.213063413209,,
2015-06-04,223.54007685564,,
2015-06-05,224.731071887785,,
2015-06-06,225.160513150205,,
2015-06-07,223.411685856225,,
2015-06-08,228.774291350088,,
2015-06-09,229.370529514904,,
2015-06-10,228.588487434249,,
2015-06-11,229.584411747516,,
2015-06-12,229.811218510228,,
2015-06-13,233.015344535359,,
2015-06-14,232.507108708358,,
2015-06-15,236.7909628872,,
2015-06-16,251.432676797195,,
2015-06-17,247.969317650497,,
2015-06-18,249.012479544126,,
2015-06-19,244.803484219755,,
2015-06-20,245.582513150205,,
2015-06-21,244.300260081824,,
2015-06-22,247.017892460549,,
2015-06-23,244.184763296318,,
2015-06-24,240.451545295149,,
2015-06-25,242.347857685564,,
2015-06-26,242.967997369959,,
2015-06-27,251.529326709527,,
2015-06-28,249.058285797779,,
2015-06-29,256.65022238457,,
2015-06-30,263.854356864991,,
2015-07-01,258.042647574518,,
2015-07-02,254.747113383986,,
2015-07-03,256.087042833431,,
2015-07-04,260.50923962595,,
2015-07-05,271.302458211572,,
2015-07-06,269.137940093513,,
2015-07-07,266.469919053185,,
2015-07-08,270.576142898889,,
2015-07-09,269.680304792519,,
2015-07-10,285.558780829924,,
2015-07-11,293.917453828171,,
2015-07-12,311.481879894798,,
2015-07-13,292.649223845704,,
2015-07-14,287.740951490357,,
2015-07-15,285.922885447107,,
2015-07-16,278.532749269433,,
2015-07-17,280.064724722385,,
2015-07-18,277.354635300994,,
2015-07-19,275.281989479836,,
2015-07-20,279.114393045003,,
2015-07-21,276.652412624196,,
2015-07-22,277.764369082408,,
2015-07-23,276.811628579778,,
2015-07-24,289.305976329632,,
2015-07-25,289.507639976622,,
2015-07-26,293.314842781999,,
2015-07-27,294.426761835184,,
2015-07-28,295.410125268849,,
2015-07-29,289.85583635301,,
2015-07-30,288.236260666277,,
2015-07-31,284.597324371712,,
2015-08-01,281.66884628872,,
2015-08-02,282.423006428989,,
2015-08-03,282.185052308591,,
2015-08-04,285.286617475161,,
2015-08-05,282.338886908241,,
2015-08-06,278.99574868498,,
2015-08-07,279.488715078901,,
2015-08-08,261.450275569842,1.19999,
2015-08-09,266.342020455874,1.19999,
2015-08-10,264.928825248393,1.19999,
2015-08-11,271.421736119229,0.99,
2015-08-12,268.143868497954,1.288,
2015-08-13,264.691627995324,1.8848,
2015-08-14,266.355941554646,1.79504416247808,
2015-08-15,261.936836645237,1.78222244301578,
2015-08-16,258.930817389831,1.53307377556984,
2015-08-17,258.009398305085,1.29638,
2015-08-18,217.885883116937,1.08418656925774,
2015-08-19,227.218251899474,1.24,
2015-08-20,235.523883109293,1.5218,
2015-08-21,232.80061783986,1.43588,
2015-08-22,230.639173290473,1.4,
2015-08-23,228.673073933372,1.35,
2015-08-24,211.955917592051,1.23804,
2015-08-25,222.655039450614,1.27119,
2015-08-26,226.116700175336,1.18,
2015-08-27,224.939877264757,1.13646,
2015-08-28,232.17080829924,1.295,
2015-08-29,229.826200175336,1.179,
2015-08-30,229.019572472238,1.32,
2015-08-31,230.689466101695,1.30651,
2015-09-01,227.955570426651,1.36,
2015-09-02,229.502180709527,1.30828087083577,
2015-09-03,227.107121566335,1.23357,
2015-09-04,231.177563413209,1.23357,
2015-09-05,235.903006136762,1.36287107188779,
2015-09-06,240.805472238457,1.34,
2015-09-07,240.6336157218,1.27561,
2015-09-08,244.174952659264,1.26349378725891,
2015-09-09,238.722463179427,1.21,
2015-09-10,238.750477206312,1.1857,
2015-09-11,240.845008116891,0.927715708357686,
2015-09-12,236.351832176505,1.14639,
2015-09-13,230.548837317358,0.88557,
2015-09-14,230.948793980129,0.955,
2015-09-15,230.398590005845,0.95,
2015-09-16,229.043285797779,0.93634,
2015-09-17,233.202697837522,0.875,
2015-09-18,233.175130917592,0.85226,
2015-09-19,232.241568088837,0.883689479836353,
2015-09-20,231.362323787259,0.94116,
2015-09-21,226.773447983635,0.94116,
2015-09-22,230.626304792519,0.80588,
2015-09-23,230.132437755698,0.91,
2015-09-24,234.319868497954,0.8,
2015-09-25,235.538221800117,0.68233,
2015-09-26,234.591814436002,0.77032,
2015-09-27,233.243309760374,0.700769905318527,
2015-09-28,240.017265341905,0.604208065458796,
2015-09-29,237.336233781414,0.68163,
2015-09-30,236.739848042081,0.713644313851549,
2015-10-01,238.229813851549,0.654722555230859,
2015-10-02,237.937007305669,0.66467,
2015-10-03,239.735897720631,0.6796,
2015-10-04,239.516924897721,0.60954,
2015-10-05,240.961213833431,0.60777,
2015-10-06,246.940498246639,0.65114,
2015-10-07,243.734486849795,0.6,
2015-10-08,243.029632963179,0.633798841028638,
2015-10-09,244.448887492694,0.635190847457627,
2015-10-10,245.955924313267,0.635190847457627,
2015-10-11,248.528165400351,0.59931,
2015-10-12,246.093637346581,0.63,
2015-10-13,250.471300701344,0.601639343658679,
2015-10-14,253.142325540619,0.483236302162478,
2015-10-15,254.693015002922,0.559861985973115,
2015-10-16,262.737363237873,0.525,
2015-10-17,271.930938924605,0.52299,
2015-10-18,263.481677381648,0.505,
2015-10-19,264.362728229106,0.499479725306838,
2015-10-20,270.832211864407,0.440034716540035,
2015-10-21,268.040217708942,0.42,
2015-10-22,275.414956458212,0.546183513734658,
2015-10-23,278.612778026885,0.56491,
2015-10-24,283.61114289889,0.55606,
2015-10-25,286.04969345412,0.624364857977791,
2015-10-26,286.703382817066,0.700519544126242,
2015-10-27,295.562913793104,0.83,
2015-10-28,304.442097019287,0.99,
2015-10-29,314.879462302747,1.17940672121566,
2015-10-30,328.492321157218,1.12067336586791,
2015-10-31,314.119508182349,0.889342571595558,
2015-11-01,329.854227644652,0.99,
2015-11-02,364.616627995324,0.9878,
2015-11-03,400.923105201637,1.04736265341905,
2015-11-04,405.481681472823,0.799,
2015-11-05,384.341222969024,0.87638,
2015-11-06,372.975417884278,0.959652834599649,
2015-11-07,386.504550847458,0.911850192869667,
2015-11-08,372.400129748685,1,
2015-11-09,380.495644360023,0.998,
2015-11-10,337.830502337814,0.901914669783752,
2015-11-11,308.922185856225,0.750047340736411,
2015-11-12,337.522988603156,0.88,
2015-11-13,337.278958211572,0.89998421975453,
2015-11-14,333.047117475161,0.88,
2015-11-15,319.928021624781,0.91,
2015-11-16,331.132725014611,0.914427235534775,
2015-11-17,335.849786090006,0.999284628872005,
2015-11-18,335.744504967855,0.996753607247224,
2015-11-19,326.232145528931,0.94,
2015-11-20,321.940475452951,0.92,
2015-11-21,325.905231151373,0.96,
2015-11-22,323.716966101695,0.97,
2015-11-23,323.012556341321,0.92,
2015-11-24,319.961356527177,0.910014781998831,
2015-11-25,328.960457334892,0.87,
2015-11-26,356.255292518995,0.858832719462303,
2015-11-27,359.268824371712,0.88,
2015-11-28,356.567322618352,0.907557786090006,
2015-11-29,371.707612507306,0.87,
2015-11-30,377.389839859731,0.88,
2015-12-01,362.532375803624,0.863293395675044,
2015-12-02,359.22240414962,0.82,
2015-12-03,361.210068088837,0.83,
2015-12-04,363.241631794272,0.84,
2015-12-05,389.362958796026,0.86993,
2015-12-06,393.319129748685,0.82499,
2015-12-07,395.346588252484,0.78994398012858,
2015-12-08,413.798660432496,0.79461,
2015-12-09,417.632671244886,0.80511,
2015-12-10,415.729924313267,0.84374,
2015-12-11,453.86148012858,0.899800105201637,
2015-12-12,435.85572238457,0.96,
2015-12-13,434.403466393922,0.91994,
2015-12-14,442.991689655173,0.99,
2015-12-15,464.617871712449,1,
2015-12-16,454.142492402104,0.8671,
2015-12-17,456.240134611338,0.94,
2015-12-18,463.175769725307,0.9,
2015-12-19,461.399907948568,0.893520944476914,
2015-12-20,442.15399006429,0.96,
2015-12-21,437.640129456458,0.91,
2015-12-22,435.268379018118,0.88,
2015-12-23,442.665727060199,0.87093,
2015-12-24,455.878713033314,0.87,
2015-12-25,455.718825832846,0.865924904734074,
2015-12-26,418.221531560491,0.853,
2015-12-27,422.705894506137,0.86893,
2015-12-28,421.052879602572,0.842445938047925,
2015-12-29,431.340021332554,0.86,
2015-12-30,426.043646990064,0.896515517241379,
2015-12-31,429.677153419053,0.94884,
2016-01-01,434.678006428989,0.92037,
2016-01-02,434.439877264757,0.94999,
2016-01-03,430.136180011689,0.957062928112215,
2016-01-04,433.44897106955,0.95,
2016-01-05,432.669502630041,0.9426,
2016-01-06,430.677869666862,0.95,
2016-01-07,459.208940093513,0.939947483343074,
2016-01-08,454.134423728814,0.985,
2016-01-09,449.845216247808,0.969910045587376,
2016-01-10,448.580216247808,1,
2016-01-11,449.033059029807,1.07090673290473,
2016-01-12,441.768157218001,1.17745,
2016-01-13,432.310645236704,1.13743,
2016-01-14,429.823224722385,1.16592069608416,
2016-01-15,367.823199883109,1.29089104734074,
2016-01-16,388.071204558738,1.21179,
2016-01-17,382.482086499123,1.31093687901812,
2016-01-18,384.865166569258,1.46624418176505,
2016-01-19,378.161725014611,1.35304659848042,
2016-01-20,420.622924168323,1.45662153009936,
2016-01-21,409.298459672706,1.49593,
2016-01-22,381.046459380479,1.52,
2016-01-23,386.370602571596,2.01225053594389,
2016-01-24,403.446926651081,2.1013847849211,
2016-01-25,391.986097311514,2.53372158971362,
2016-01-26,391.142935125657,2.38058670368206,
2016-01-27,394.62753037405,2.40130981823495,
2016-01-28,378.900995616599,2.54645331911163,
2016-01-29,378.99999482291,2.48763545119813,
2016-01-30,377.262779076564,2.44067,
2016-01-31,366.341687609585,2.24267177966102,
2016-02-01,371.22343509059,2.16739736703682,
2016-02-02,372.927631209819,2.44653,
2016-02-03,368.098206604325,2.53,
2016-02-04,389.723081239042,2.55007,
2016-02-05,384.398413983051,2.56451,
2016-02-06,374.631555523086,2.54902,
2016-02-07,375.153917592051,2.89807110052601,
2016-02-08,370.814350327294,3.18377219345412,
2016-02-09,373.5116128609,3.89347676504968,
2016-02-10,379.082611630625,4.37768284453536,
2016-02-11,377.639165108124,5.87194032261835,
2016-02-12,382.294456458212,5.47040384395091,
2016-02-13,389.598432472238,5.21879062419638,
2016-02-14,406.150669491525,5.15584398305085,
2016-02-15,399.26761864699,5.15268737580363,
2016-02-16,407.035309468147,4.26236679544126,
2016-02-17,415.324113383986,3.81098028872005,
2016-02-18,421.289662981882,4.366827735827,
2016-02-19,419.626528541204,4.58564058328463,
2016-02-20,440.195760081823,4.35048920105202,
2016-02-21,438.718612681473,4.62442860549386,
2016-02-22,437.535295094097,5.59370853594389,
2016-02-23,420.032592609585,5.60993619696084,
2016-02-24,423.995112507306,6.23428100935126,
2016-02-25,424.090870251315,6.07227434482759,
2016-02-26,431.762241963764,5.87555043717125,
2016-02-27,432.947845996493,6.31073388778492,
2016-02-28,433.102262711864,6.49883606838106,
2016-02-29,437.775872589129,6.33325343074226,
2016-03-01,432.807867153711,7.52637569959088,
2016-03-02,423.079789392168,8.51878790765634,
2016-03-03,419.268821332554,9.28491024430157,
2016-03-04,407.990154295734,9.97869814319112,
2016-03-05,397.314453945061,10.7510062758621,
2016-03-06,403.705187463472,10.9844067209234,
2016-03-07,413.22936616014,9.47688401578024,
2016-03-08,411.425953243717,9.7728496277031,
2016-03-09,412.540703506721,11.8170986516657,
2016-03-10,416.340928696669,11.1656511233197,
2016-03-11,419.511934248977,11.122905396844,
2016-03-12,410.264163296318,13.283658818235,
2016-03-13,411.805882466394,14.3400544862653,
2016-03-14,415.026957276446,12.311385849211,
2016-03-15,415.266400292227,13.0422990222092,
2016-03-16,417.024118468732,12.7028209514904,
2016-03-17,418.605363822326,11.0503306107539,
2016-03-18,408.901587405026,10.8461398468732,
2016-03-19,409.124429865576,10.5016330590298,
2016-03-20,412.056953828171,10.2405717878434,
2016-03-21,411.601774050263,11.8347655233781,
2016-03-22,416.581653828171,11.2960089403857,
2016-03-23,417.378299532437,12.4052275651666,
2016-03-24,413.560239918177,11.167820943308,
2016-03-25,416.373243834015,10.6561121274109,
2016-03-26,416.823096668615,11.0021322945646,
2016-03-27,425.454959848042,10.3864397071888,
2016-03-28,422.917446814728,11.6568222752776,
2016-03-29,415.863828755114,11.6889505213326,
2016-03-30,412.777697779076,11.8662580976037,
2016-03-31,415.956811221508,11.3805020005845,
2016-04-01,417.20066025716,11.634682565751,
2016-04-02,419.763056691993,11.6253264757452,
2016-04-03,420.073578901227,11.6097399362946,
2016-04-04,419.540727878434,11.1254464348334,
2016-04-05,422.50136440678,10.4364448877849,
2016-04-06,421.907191233197,10.7240740794857,
2016-04-07,421.467220046756,10.0923154412624,
2016-04-08,418.643460549386,9.71449246171829,
2016-04-09,418.758635359439,9.10883037872589,
2016-04-10,421.954488544711,8.87182292402104,
2016-04-11,423.273044009351,8.69525671537113,
2016-04-12,427.427664582116,7.4949641735827,
2016-04-13,424.87251811806,8.04542446054939,
2016-04-14,425.8565949737,8.45583827527761,
2016-04-15,430.724418760959,8.21057201344243,
2016-04-16,432.216313033314,8.57401139099942,
2016-04-17,429.339968731736,9.33850245178258,
2016-04-18,429.656933664524,8.98708852425482,
2016-04-19,437.568726183518,8.74754864932788,
2016-04-20,442.661653302163,8.50508721332554,
2016-04-21,452.164702805377,8.15181716540035,
2016-04-22,448.134421332554,7.90673911747516,
2016-04-23,453.914722969024,8.41247736469901,
2016-04-24,463.382871420222,8.00785114552893,
2016-04-25,465.31600666277,7.51964895265927,
2016-04-26,469.60876452367,7.43243647223846,
2016-04-27,445.741113091759,7.79292508533022,
2016-04-28,451.060061776739,7.25401684395091,
2016-04-29,457.009965225015,7.4498408755114,
2016-04-30,449.900484511981,8.81711589421391,
2016-05-01,455.010731151374,8.77974883343074,
2016-05-02,444.933061192285,10.0712527831677,
2016-05-03,451.628850379895,9.36254626475746,
2016-05-04,448.367967562829,9.37736405669199,
2016-05-05,449.336072472238,9.76751992986558,
2016-05-06,461.693862361192,9.37613761835184,
2016-05-07,461.361842489772,9.38955362945646,
2016-05-08,461.378872296902,9.50255639976622,
2016-05-09,463.462231677382,9.35556831794272,
2016-05-10,451.079668322618,9.39206859146698,
2016-05-11,453.896305260082,9.93194304792519,
2016-05-12,455.607255932203,10.0866100637054,
2016-05-13,457.241902688486,10.6019870642899,
2016-05-14,458.119524839275,10.2316977346581,
2016-05-15,460.85772063121,9.98070815254237,
2016-05-16,455.224077323203,11.114176936879,
2016-05-17,453.545777030976,12.1861296873174,
2016-05-18,454.486184102864,13.3669491794272,
2016-05-19,437.724187142022,14.4955469053185,
2016-05-20,442.396799240211,13.6553194693162,
2016-05-21,444.078207188778,14.0069761648159,
2016-05-22,440.558668848627,14.2251007592051,
2016-05-23,444.205057276447,13.3380535230859,
2016-05-24,445.674454938632,12.7534579099942,
2016-05-25,450.54952717709,12.5230016165985,
2016-05-26,454.43372238457,12.5269520222092,
2016-05-27,471.820117299825,11.2072346171829,
2016-05-28,530.910597895967,11.8741358088837,
2016-05-29,527.54971244886,12.382008962595,
2016-05-30,533.493149035652,12.6808595523086,
2016-05-31,530.943692811221,14.0467417369959,
2016-06-01,537.613678842782,13.9132192115722,
2016-06-02,538.771243191116,13.8279425201636,
2016-06-03,570.175988252484,13.8905734938632,
2016-06-04,574.26620163647,13.7240073641146,
2016-06-05,575.137638047925,13.932690873758,
2016-06-06,585.857149035652,13.9915409222677,
2016-06-07,578.469240677966,14.5364203635301,
2016-06-08,583.097585330216,14.5036702378726,
2016-06-09,577.101699707773,14.4792054728229,
2016-06-10,579.814993571011,13.9494789590883,
2016-06-11,605.44955698422,14.2295804792519,
2016-06-12,670.39237434249,15.7741600157802,
2016-06-13,704.321778141438,17.6730242136178,
2016-06-14,684.948319403857,18.7374935756867,
2016-06-15,695.001468439509,18.4093292127411,
2016-06-16,767.420031268264,20.728866373758,
2016-06-17,750.014633927528,15.4545176265342,
2016-06-18,758.28878012858,11.2595861858562,
2016-06-19,766.767132670952,12.3184533749269,
2016-06-20,722.497452367037,11.6931481367621,
2016-06-21,669.604204675628,13.0507380344828,
2016-06-22,594.832974634716,13.2261549602572,
2016-06-23,627.677855639977,13.7982121712449,
2016-06-24,664.126985680889,14.3846063056692,
2016-06-25,668.872684102864,14.348954899474,
2016-06-26,630.4342421391,13.8508364576271,
2016-06-27,652.244807714787,14.0692094097019,
2016-06-28,647.218768381064,12.1880433097604,
2016-06-29,638.586345645821,12.7123285505552,
2016-06-30,674.284814728229,12.4567760923437,
2016-07-01,677.512385739334,12.2765263693746,
2016-07-02,702.739316773817,12.1115057475161,
2016-07-03,662.55008591467,11.808243704851,
2016-07-04,679.842453360608,11.4185644190532,
2016-07-05,668.165981297487,10.5196850140269,
2016-07-06,677.651333138515,10.5590482302747,
2016-07-07,640.053236119229,10.1132561992987,
2016-07-08,665.051708357685,11.3497097738165,
2016-07-09,651.941914026885,10.9529740350672,
2016-07-10,649.959340970193,10.9615454120397,
2016-07-11,650.272594681473,10.5665038094681,
2016-07-12,670.023127995324,10.5533483343074,
2016-07-13,658.333613383986,10.4472725622443,
2016-07-14,660.905960198714,11.5363697253068,
2016-07-15,666.758671127995,11.9935055680888,
2016-07-16,665.275622150789,11.7186658790181,
2016-07-17,681.089601987142,11.256689301578,
2016-07-18,675.118579193454,11.082677006429,
2016-07-19,674.660360315605,11.6756251139684,
2016-07-20,667.305364874343,12.5035100672122,
2016-07-21,666.851739333723,12.7455916423144,
2016-07-22,650.562911630625,14.824882893045,
2016-07-23,657.377942957335,14.4444565990649,
2016-07-24,661.393979836353,12.7206305338983,
2016-07-25,655.119577849211,13.8402949456458,
2016-07-26,654.626339158387,11.9632849389246,
2016-07-27,656.275146873174,13.0615638901227,
2016-07-28,656.196453360608,12.8882031560491,
2016-07-29,657.557567504383,12.8780128211572,
2016-07-30,655.361730157803,12.5187606575102,
2016-07-31,624.804487142022,11.9461159415546,
2016-08-01,606.50924792519,11.0070294517826,
2016-08-02,526.981148334307,8.35610662244301,
2016-08-03,570.347040911748,10.5420244903565,
2016-08-04,583.542158036236,11.2604717407949,
2016-08-05,581.279805669199,11.1665537159556,
2016-08-06,590.795402980713,10.9901114880187,
2016-08-07,594.73232402104,11.0233006756283,
2016-08-08,591.629283869083,11.3098848924605,
2016-08-09,587.932138223261,12.3070738457043,
2016-08-10,589.968758328463,12.094597383986,
2016-08-11,589.585884687317,11.7053606078317,
2016-08-12,587.19164956166,11.7980366867329,
2016-08-13,585.363581648159,11.5771173313852,
2016-08-14,571.387062536528,11.2605888357686,
2016-08-15,566.564441320865,11.1594932787843,
2016-08-16,578.414924137931,11.1599375049679,
2016-08-17,573.663744418469,10.8013383448276,
2016-08-18,573.263191992987,10.7569965517241,
2016-08-19,573.958457919345,10.7463138515488,
2016-08-20,581.797070134424,11.2954566779661,
2016-08-21,580.79219257744,11.1615502969024,
2016-08-22,584.971897720631,11.0871430450029,
2016-08-23,582.627747399182,10.9988015020456,
2016-08-24,578.701831677382,11.0160879602572,
2016-08-25,576.033436586791,11.3389093699591,
2016-08-26,578.874653419053,11.2794702279369,
2016-08-27,570.200993746347,11.1837917556984,
2016-08-28,575.105232554062,11.0071141431911,
2016-08-29,573.429267562829,10.9581454997078,
2016-08-30,575.695698421976,11.2509861542957,
2016-08-31,572.272758328463,11.6065258129749,
2016-09-01,572.221702045587,12.1157511525424,
2016-09-02,576.846767387493,12.1418857457627,
2016-09-03,600.374406779661,11.8944626241964,
2016-09-04,610.538913325541,11.7517066943308,
2016-09-05,607.526964172998,11.7740570724722,
2016-09-06,612.995458270017,11.7258868883694,
2016-09-07,615.659819111631,11.586400940678,
2016-09-08,630.550172004676,11.4100041174752,
2016-09-09,622.977884044418,11.6603326066628,
2016-09-10,624.752640444185,12.1512841496201,
2016-09-11,608.246675920514,11.6625664564582,
2016-09-12,607.70737270602,11.9029244231444,
2016-09-13,608.694296317943,11.9358937463472,
2016-09-14,609.41308766803,11.9219326843951,
2016-09-15,607.070262594974,11.9770412472238,
2016-09-16,607.806438047925,12.6065540923437,
2016-09-17,607.381449678551,12.8097695207481,
2016-09-18,611.533460315605,12.4434286271186,
2016-09-19,608.871306312098,13.0277880993571,
2016-09-20,608.371748626534,14.7165246510812,
2016-09-21,596.945756633548,13.7703979170076,
2016-09-22,595.564716540035,13.1966770894214,
2016-09-23,602.378784921099,13.3695272238457,
2016-09-24,602.687359731151,12.9613744593805,
2016-09-25,600.610054880187,13.085549912332,
2016-09-26,606.778810637055,12.862145917592,
2016-09-27,605.151613734658,13.0980911209819,
2016-09-28,604.686494389246,13.3183411092928,
2016-09-29,605.202561952075,13.133496025716,
2016-09-30,608.865840736412,13.2596977603741,
2016-10-01,615.408478842782,13.2374148895383,
2016-10-02,611.748578316774,13.2839713617767,
2016-10-03,612.590347399182,13.5005305698422,
2016-10-04,610.007881355932,13.3260360841613,
2016-10-05,612.147780946815,13.0834668217417,
2016-10-06,611.76086277031,12.8729818819404,
2016-10-07,617.905705143191,12.6904481753361,
2016-10-08,619.301001753361,12.2435036364699,
2016-10-09,617.101041320865,12.0857872589129,
2016-10-10,618.0852,11.7732482127411,
2016-10-11,642.981387258913,11.7647782507306,
2016-10-12,636.59793220339,11.8266073921683,
2016-10-13,635.444095324372,11.9585693606078,
2016-10-14,639.586090298071,11.9049818819404,
2016-10-15,637.283759322034,11.957119257744,
2016-10-16,642.913042548217,11.96180171128,
2016-10-17,639.137536469901,11.9689210987727,
2016-10-18,635.576508591467,12.5500731595558,
2016-10-19,629.640708036236,11.9925057539451,
2016-10-20,628.598901110462,12.0624716101695,
2016-10-21,630.90620338983,12.0819085330216,
2016-10-22,654.508630976037,12.043858585038,
2016-10-23,651.961956750438,11.9570144576271,
2016-10-24,650.027167153711,11.9264431618936,
2016-10-25,655.792505084746,11.3266441046172,
2016-10-26,675.109869316189,11.4940479836353,
2016-10-27,686.523327060199,11.4758968591467,
2016-10-28,690.390654938632,11.1283608649912,
2016-10-29,715.445469316189,10.4133396382233,
2016-10-30,699.333410987726,11.2365086464056,
2016-10-31,698.897727995325,10.976982628872,
2016-11-01,730.578480011689,10.8072025587376,
2016-11-02,740.367055523086,10.8340809251899,
2016-11-03,689.939206954997,10.8688609450614,
2016-11-04,705.432016656926,11.1541980824079,
2016-11-05,706.819325569842,11.1425230835769,
2016-11-06,715.896879777908,10.9939136177674,
2016-11-07,706.181216773816,10.9156866861485,
2016-11-08,711.835846580947,10.8588094389246,
2016-11-09,721.50150993571,10.6574666475745,
2016-11-10,713.407615604909,10.5204114956166,
2016-11-11,715.703310637055,10.290054452367,
2016-11-12,703.847551139685,9.88841032670953,
2016-11-13,703.626435300994,10.1176767387493,
2016-11-14,705.643584161309,10.0172283571011,
2016-11-15,712.3471528346,10.2417277703098,
2016-11-16,742.050117592051,10.0225825832846,
2016-11-17,735.318080537697,9.93872796025716,
2016-11-18,749.57872729398,9.51819493395675,
2016-11-19,751.213819403858,9.7004858679135,
2016-11-20,730.350813617767,9.58891222559906,
2016-11-21,736.506983927528,9.53756317708942,
2016-11-22,747.997677966102,9.85380703156049,
2016-11-23,741.240317942724,9.79015008942139,
2016-11-24,737.35497597896,9.22138124488603,
2016-11-25,739.685200175336,9.41386307305669,
2016-11-26,734.652925891292,9.31205627118644,
2016-11-27,727.741115838691,8.91463851198129,
2016-11-28,730.082483752192,8.68169444944477,
2016-11-29,731.646435710111,8.16833660783168,
2016-11-30,742.20445131502,8.60721732904734,
2016-12-01,753.674910111046,8.45638715955582,
2016-12-02,772.302382729398,7.67124288720047,
2016-12-03,766.110468147283,7.89398178550555,
2016-12-04,766.380139099942,7.47449172238457,
2016-12-05,752.670726241964,6.73351910169491,
2016-12-06,759.117325774401,7.7770034289889,
2016-12-07,764.987650087668,8.35538933781414,
2016-12-08,767.659224634717,8.26426946493279,
2016-12-09,771.902321098773,8.49242592811222,
2016-12-10,775.474561309176,8.12186280713033,
2016-12-11,770.496150496786,8.2296987445938,
2016-12-12,778.506599064874,8.52116493980129,
2016-12-13,778.930694564582,8.41006104558737,
2016-12-14,776.963961484512,8.239893685564,
2016-12-15,776.176781998831,7.81254800701344,
2016-12-16,782.230215897136,7.8575081987142,
2016-12-17,789.60293220339,7.79680409760374,
2016-12-18,790.632966526008,7.90739229719462,
2016-12-19,790.279031677382,7.60991483635301,
2016-12-20,799.777520748101,7.62558996580947,
2016-12-21,828.4836792519,7.88992567153711,
2016-12-22,858.50143395675,7.58389207481006,
2016-12-23,915.562438340152,7.16697962127411,
2016-12-24,891.155272063121,7.24266080187025,
2016-12-25,896.003279310345,7.20134819403857,
2016-12-26,903.201246639392,7.24033197545295,
2016-12-27,925.950810461719,7.15374168614845,
2016-12-28,979.960973991818,7.62361589012274,
2016-12-29,973.462559438925,8.30259408708358,
2016-12-30,961.182658153127,8.21893582700175,
2016-12-31,968.970597019287,8.12632962185856,
2017-01-01,997.257357977791,8.17785176797195,
2017-01-02,1017.07788609001,8.3784564868498,
2017-01-03,1032.60905318527,9.69747177030976,
2017-01-04,1134.49644535359,11.0686323909994,
2017-01-05,1000.49812893045,10.2247939114553,
2017-01-06,892.463955639977,10.1258320169492,
2017-01-07,903.453283635301,9.92474459380479,
2017-01-08,912.484997077732,10.4385973290473,
2017-01-09,903.508666803039,10.3648285651666,
2017-01-10,906.498947399182,10.6283672121566,
2017-01-11,788.314655990649,9.97243464874343,
2017-01-12,807.109833547633,9.77226410344828,
2017-01-13,826.746927410871,9.81302504967855,
2017-01-14,820.045157276447,9.77886792986558,
2017-01-15,824.547065166569,9.87137750146113,
2017-01-16,830.838035067212,9.61363526943308,
2017-01-17,906.026828112215,10.2436392735243,
2017-01-18,881.259815371128,10.2417576405611,
2017-01-19,902.263869959088,10.4345745926359,
2017-01-20,895.174516189363,10.6508334517826,
2017-01-21,924.46825949737,10.9621638223261,
2017-01-22,922.467077381648,10.7040929427236,
2017-01-23,919.115744126242,10.7988108357686,
2017-01-24,887.743193804792,10.545993207481,
2017-01-25,895.690033255406,10.5133496668615,
2017-01-26,916.6674685564,10.6258650140269,
2017-01-27,920.454463471654,10.5341234798364,
2017-01-28,922.774948568089,10.5638735827002,
2017-01-29,915.63202314436,10.4949952659264,
2017-01-30,920.313260783168,10.5793407966102,
2017-01-31,968.499105669199,10.7060901987142,
2017-02-01,987.532590414962,10.7228105669199,
2017-02-02,1007.7043659848,10.8279625645821,
2017-02-03,1015.30203945061,10.9571067597896,
2017-02-04,1033.78597299825,11.3959769257744,
2017-02-05,1014.56787574518,11.2444300976037,
2017-02-06,1023.3174811806,11.3366601163063,
2017-02-07,1053.62445902981,11.4869003085915,
2017-02-08,1052.36764535359,11.4007932261835,
2017-02-09,982.751939450614,10.9898948129749,
2017-02-10,996.650153126827,11.3733687919345,
2017-02-11,1011.37532220923,11.4835259848042,
2017-02-12,1006.29646487434,11.4637379637639,
2017-02-13,999.953184979545,11.3888621858562,
2017-02-14,1012.2134635301,13.0940965563998,
2017-02-15,1013.90384050263,13.0142665108124,
2017-02-16,1036.80686475745,12.8854819877265,
2017-02-17,1058.66992033898,12.774232597896,
2017-02-18,1060.66880488019,12.8982752191701,
2017-02-19,1058.78640035067,12.8614133553478,
2017-02-20,1088.68842922268,12.7023435815313,
2017-02-21,1128.85529316189,12.8127439205143,
2017-02-22,1129.70179064874,12.7348605955582,
2017-02-23,1188.86178550555,13.2532427001753,
2017-02-24,1185.48889158387,13.1775699006429,
2017-02-25,1151.60473687902,13.6454301665693,
2017-02-26,1181.71086586791,14.6590073091759,
2017-02-27,1194.15245014611,15.6568423302162,
2017-02-28,1188.39994073641,15.6533547393337,
2017-03-01,1228.45965061368,17.2656843547633,
2017-03-02,1262.93146738749,19.204561207481,
2017-03-03,1289.36319111631,19.6547031858562,
2017-03-04,1268.94066440678,18.6842248883694,
2017-03-05,1276.27368293396,19.3011112244302,
2017-03-06,1282.25465663355,19.7310337568673,
2017-03-07,1234.47646206897,18.8391078433665,
2017-03-08,1152.13938924606,16.6778201776739,
2017-03-09,1193.45552659264,17.798087509059,
2017-03-10,1098.53014903565,19.1809420046756,
2017-03-11,1176.822921391,21.4462162478083,
2017-03-12,1231.74835663355,23.2196188281707,
2017-03-13,1239.39629631794,28.5448137270602,
2017-03-14,1246.53656487434,28.5762455482174,
2017-03-15,1258.65138147282,34.6731720058445,
2017-03-16,1178.02075037989,44.7765893758036,
2017-03-17,1072.08253816482,44.127845295149,
2017-03-18,962.569056165985,32.2416653909994,
2017-03-19,1020.22025353594,43.3432976668615,
2017-03-20,1037.7563458796,41.8270432928112,
2017-03-21,1111.81826358854,42.3989190461718,
2017-03-22,1037.30257013442,41.1990631186441,
2017-03-23,1028.17285628288,43.140975748685,
2017-03-24,935.063496201052,52.9880817066043,
2017-03-25,968.543329281122,50.1573111630625,
2017-03-26,962.95805458796,50.380642766803,
2017-03-27,1042.91919777908,48.8407655622443,
2017-03-28,1045.16293161894,50.2165826206897,
2017-03-29,1039.68861578025,52.9549353074226,
2017-03-30,1037.98766142607,51.8379855821157,
2017-03-31,1081.74353109293,50.0319167153711,
2017-04-01,1089.52477182934,50.6856101426067,
2017-04-02,1105.56295575687,48.7942622232613,
2017-04-03,1144.6647710111,44.1242026744594,
2017-04-04,1141.92191870251,44.2334705575687,
2017-04-05,1135.81164377557,45.345952899474,
2017-04-06,1194.59645938048,43.2308226411455,
2017-04-07,1191.73145108124,42.4313812974869,
2017-04-08,1184.41772033898,44.6247199088253,
2017-04-09,1213.63413980129,43.9210733267095,
2017-04-10,1211.64987621274,43.9867391759205,
2017-04-11,1229.78493290473,43.9088074582116,
2017-04-12,1216.11436785506,46.356845351841,
2017-04-13,1172.5583396844,49.9132952574518,
2017-04-14,1174.33323354763,47.1097739795441,
2017-04-15,1175.56218901227,49.1234506072472,
2017-04-16,1173.6913798948,48.1771319462303,
2017-04-17,1191.90120146113,47.8490843132671,
2017-04-18,1202.13145803624,49.8912425108124,
2017-04-19,1209.56090888369,48.0668974666862,
2017-04-20,1235.80307451783,49.3441459731151,
2017-04-21,1247.33607025132,48.5441502594974,
2017-04-22,1243.55039257744,48.6126565376973,
2017-04-23,1250.00148322618,48.8707930379895,
2017-04-24,1257.23944225599,50.1052582127411,
2017-04-25,1279.86471741672,50.2949234336645,
2017-04-26,1296.48545745178,53.5068268007014,
2017-04-27,1345.8899556692,63.3839737416715,
2017-04-28,1347.98515552309,73.2896960841613,
2017-04-29,1357.71525341905,70.4783451390999,
2017-04-30,1381.9563722969,80.5040275862069,
2017-05-01,1436.9414880187,78.3656599269433,
2017-05-02,1463.81906846873,77.6578077147867,
2017-05-03,1519.40894447691,81.155050748685,
2017-05-04,1539.8300515488,95.4461979970777,
2017-05-05,1529.85044301578,91.2619477144945,
2017-05-06,1573.28550961426,95.5202134447691,
2017-05-07,1526.26777171245,76.6355311633548,
2017-05-08,1685.08649631794,89.3967222244301,
2017-05-09,1719.22801355932,86.2167880181181,
2017-05-10,1782.499,88.0493733267096,
2017-05-11,1835.48754821742,88.2398370724722,
2017-05-12,1704.66164108708,85.485073163647,
2017-05-13,1779.84025669199,88.2832749123319,
2017-05-14,1794.59355055523,89.4800016691993,
2017-05-15,1736.88284611338,90.8514018176505,
2017-05-16,1757.02694856809,88.2582728825248,
2017-05-17,1808.74606469901,86.8320563541789,
2017-05-18,1894.24726455289,95.83543393045,
2017-05-19,1967.54554769141,124.608196428989,
2017-05-20,2048.11767799532,124.620777756867,
2017-05-21,2045.22249316189,147.731762711864,
2017-05-22,2078.94350002922,153.63485777557,
2017-05-23,2257.28836382233,169.076412100526,
2017-05-24,2415.00722665108,191.874668920514,
2017-05-25,2319.60137866745,180.691296002338,
2017-05-26,2279.4185836353,164.60314556692,
2017-05-27,2044.30049982466,155.72604947107,
2017-05-28,2225.7008666277,173.216734450029,
2017-05-29,2284.71579748685,193.881140413501,
2017-05-30,2167.26447790766,228.073706624196,
2017-05-31,2299.43261025716,229.102651646406,
2017-06-01,2399.88763194039,220.986285654588,
2017-06-02,2479.4238943308,221.467074215663,
2017-06-03,2549.55195151958,224.307389632379,
2017-06-04,2524.99383354763,245.468700092928,
2017-06-05,2685.31891671537,248.05642671128,
2017-06-06,2871.34167735243,264.404235562244,
2017-06-07,2706.76000885447,256.981876225599,
2017-06-08,2802.56354681473,258.372808144944,
2017-06-09,2804.87226691993,278.428987158387,
2017-06-10,2916.3278597896,344.951987142022,
2017-06-11,2974.21455920514,344.026909994155,
2017-06-12,2665.43326995909,389.19372150789,
2017-06-13,2707.13782402104,387.25153943834,
2017-06-14,2443.82445137347,341.446636869375,
2017-06-15,2409.886764173,342.119337795441,
2017-06-16,2476.35909538282,352.629732300117,
2017-06-17,2652.75536335476,368.03726914436,
2017-06-18,2508.21420742256,350.534463086499,
2017-06-19,2589.64221338399,357.681361649328,
2017-06-20,2733.22655628288,349.288913500877,
2017-06-21,2639.26131420222,320.277859038574,
2017-06-22,2686.64751431911,320.145963176505,
2017-06-23,2685.87047101111,325.991536277031,
2017-06-24,2562.18914874342,304.768927811221,
2017-06-25,2497.72894137931,276.242345104617,
2017-06-26,2426.36505119813,255.033414298656,
2017-06-27,2530.34553600234,281.08192129398,
2017-06-28,2562.79226420222,317.776258400351,
2017-06-29,2540.44303161894,293.999290413793,
2017-06-30,2452.71206428989,276.846878461718,
2017-07-01,2412.3662131502,261.219362042665,
2017-07-02,2518.8721873758,286.533256667446,
2017-07-03,2551.92743173583,276.381727718293,
2017-07-04,2599.74474991233,269.404834744594,
2017-07-05,2608.10489117475,266.262281550555,
2017-07-06,2603.19547369959,266.656013065459,
2017-07-07,2495.78092220923,240.161421859147,
2017-07-08,2553.4941581239,244.196069263004,
2017-07-09,2506.17321355932,237.960754773232,
2017-07-10,2319.36689736996,203.667605391584,
2017-07-11,2319.16744061952,192.891972717709,
2017-07-12,2374.88626645237,220.375114831385,
2017-07-13,2343.73834824664,205.861691116014,
2017-07-14,2214.82523728814,197.24683492519,
2017-07-15,1989.63319023963,170.574619883109,
2017-07-16,1910.74954161309,155.12095854062,
2017-07-17,2215.74629614261,189.221658703682,
2017-07-18,2303.7611458796,228.78765892519,
2017-07-19,2257.06523588545,191.651705937463,
2017-07-20,2823.89792635885,224.107144172414,
2017-07-21,2666.1397182934,216.214063375804,
2017-07-22,2829.75405496786,231.983774798363,
2017-07-23,2753.24386493279,228.563602995324,
2017-07-24,2755.1595242256,225.714163052016,
2017-07-25,2558.69299894798,204.267246499123,
2017-07-26,2522.32464628872,202.456667746347,
2017-07-27,2665.14754649328,202.88998441204,
2017-07-28,2793.83348486265,191.488124044418,
2017-07-29,2706.4507654588,205.994907945646,
2017-07-30,2749.3845277031,196.771915156049,
2017-07-31,2862.61129088252,200.760819609001,
2017-08-01,2727.38918199883,225.735534699591,
2017-08-02,2690.14567197545,217.584664142607,
2017-08-03,2789.74631244886,224.028898297195,
2017-08-04,2860.27284324956,221.471094210403,
2017-08-05,3237.42336329632,248.939666132671,
2017-08-06,3230.11670894214,266.031145936879,
2017-08-07,3392.56241864407,269.646053845704,
2017-08-08,3425.67661659848,294.522035516072,
2017-08-09,3347.21543161894,296.828835021625,
2017-08-10,3437.03215546464,301.437411189947,
2017-08-11,3660.52053728813,309.864902527177,
2017-08-12,3871.08240619521,309.254121247516,
2017-08-13,4063.80105271771,297.04311033986,
2017-08-14,4304.60393120982,299.899655571596,
2017-08-15,4160.0305458796,286.238491115137,
2017-08-16,4364.67857463472,300.581495599649,
2017-08-17,4308.51686142607,301.525778841613,
2017-08-18,4108.50716218586,292.570930255406,
2017-08-19,4160.33245686733,294.006381612507,
2017-08-20,4085.8103943308,297.946730439509,
2017-08-21,3992.62603524255,320.268020935126,
2017-08-22,4074.33046125073,314.667140353594,
2017-08-23,4146.9153452367,317.911476100818,
2017-08-24,4325.81642799532,324.404678510228,
2017-08-25,4353.13177255991,330.229825942724,
2017-08-26,4341.97871677382,332.432620397428,
2017-08-27,4344.90344476914,345.159394547049,
2017-08-28,4379.76392068966,347.312148939801,
2017-08-29,4600.45683097604,373.270473714202,
2017-08-30,4586.63273670368,385.096362653419,
2017-08-31,4740.35621770894,388.628983109293,
2017-09-01,4918.16624488603,391.600977030976,
2017-09-02,4595.02001782583,349.100817241379,
2017-09-03,4625.296314436,352.873988895383,
2017-09-04,4374.75349649328,313.259609643483,
2017-09-05,4454.05253769725,321.673799707773,
2017-09-06,4607.51652980713,338.424651081239,
2017-09-07,4635.11187580362,336.414099064874,
2017-09-08,4345.45765634132,310.01521244886,
2017-09-09,4335.593449737,305.233473699591,
2017-09-10,4261.84352104033,301.328705435418,
2017-09-11,4212.54757334892,298.009521917008,
2017-09-12,4164.31943424898,293.927871127995,
2017-09-13,3887.11858679135,276.957384570427,
2017-09-14,3247.4687390415,225.336907948568,
2017-09-15,3699.22294389246,258.900247808299,
2017-09-16,3711.23435067212,255.184495616599,
2017-09-17,3711.85620397428,259.595284921099,
2017-09-18,4080.42844301578,296.59002980713,
2017-09-19,3925.73619023963,284.68624050263,
2017-09-20,3895.777078609,284.783950029223,
2017-09-21,3617.24346580947,258.71685534775,
2017-09-22,3619.2137182934,263.592519286967,
2017-09-23,3775.60059409702,285.098802746932,
2017-09-24,3676.89694418469,284.710706604325,
2017-09-25,3918.73807130333,294.606179135009,
2017-09-26,3890.09093687902,288.873323495032,
2017-09-27,4207.78748538866,310.386890707189,
2017-09-28,4187.76979631794,302.473999707773,
2017-09-29,4155.01011981298,291.483834891876,
2017-09-30,4334.54461250731,301.653574810053,
2017-10-01,4382.08689801286,302.921215371128,
2017-10-02,4386.8757150789,296.383131209819,
2017-10-03,4306.56464202221,291.627101987142,
2017-10-04,4216.68482144944,292.153131209819,
2017-10-05,4319.42091583869,295.104265926359,
2017-10-06,4365.91571040327,307.36563383986,
2017-10-07,4438.85593308007,311.539527761543,
2017-10-08,4600.73979661017,308.811207773232,
2017-10-09,4777.53465692577,296.16992226768,
2017-10-10,4741.07791496201,297.805755406195,
2017-10-11,4814.96711805962,302.037225599065,
2017-10-12,5393.66898275862,302.722357977791,
2017-10-13,5614.07751461134,336.118935417884,
2017-10-14,5785.73831502046,339.239905902981,
2017-10-15,5689.86505961426,335.292906779661,
2017-10-16,5756.14881180596,334.387035067212,
2017-10-17,5590.41632437171,315.673910286382,
2017-10-18,5583.8704257744,313.292919637639,
2017-10-19,5708.31299094097,308.361189362946,
2017-10-20,6000.88313033314,304.104843950906,
2017-10-21,6030.20789275278,299.96448918761,
2017-10-22,5996.59813880772,294.862483343074,
2017-10-23,5888.25001665693,285.272274400935,
2017-10-24,5517.77535330216,297.201345119813,
2017-10-25,5736.01780157802,297.963974576271,
2017-10-26,5900.31772910579,296.136726183518,
2017-10-27,5771.94504617183,297.075979836353,
2017-10-28,5762.38857685564,295.060524254822,
2017-10-29,6174.72884482758,304.336856808884,
2017-10-30,6119.25638398597,306.156846873174,
2017-10-31,6428.51463705435,304.758790181181,
2017-11-01,6726.41183459965,290.520131209819,
2017-11-02,7043.77793892461,284.507127410871,
2017-11-03,7198.63211075394,305.85942402104,
2017-11-04,7420.498078609,300.036860023378,
2017-11-05,7371.13902980713,296.308627410871,
2017-11-06,6985.26384395091,297.987309468147,
2017-11-07,7118.20254383402,292.059068381064,
2017-11-08,7451.21278667446,309.827165692577,
2017-11-09,7117.73804967855,319.44557685564,
2017-11-10,6620.56733635301,299.664234365868,
2017-11-11,6346.72144915254,316.147826125073,
2017-11-12,5829.09782758621,307.17681823495,
2017-11-13,6519.44517212157,315.537040327294,
2017-11-14,6592.37439713618,334.214478959673,
2017-11-15,7257.37321215664,330.784093804793,
2017-11-16,7833.7044333723,329.662060490941,
2017-11-17,7729.03327001753,332.276588836937,
2017-11-18,7796.15424108708,347.42983635301,
2017-11-19,8018.32068848626,355.932445353594,
2017-11-20,8269.87425745178,369.559533606078,
2017-11-21,8091.99808357686,361.197126534191,
2017-11-22,8249.59733021625,380.819107247224,
2017-11-23,8071.66982144945,414.980221215664,
2017-11-24,8232.42233313851,473.450565458796,
2017-11-25,8760.1654421391,466.802904734074,
2017-11-26,9319.90331472823,472.277975452952,
2017-11-27,9730.72857948568,477.648246639392,
2017-11-28,9932.19418001169,467.924269725307,
2017-11-29,9800.02755172414,429.046690531853,
2017-11-30,9996.71497194623,438.558600233781,
2017-12-01,10808.9583325541,461.586232320281,
2017-12-02,10934.8599856809,459.85709585038,
2017-12-03,11213.9426554646,464.386072764465,
2017-12-04,11562.1285669199,466.900428404442,
2017-12-05,11736.7540672122,458.076665400351,
2017-12-06,13992.1323372297,434.233698714202,
2017-12-07,17032.2933763881,431.749817066043,
2017-12-08,16298.4873386908,462.933985680888,
2017-12-09,15050.0219541204,483.060178842782,
2017-12-10,15474.9995432496,444.877736995909,
2017-12-11,16873.4977849211,506.33839333723,
2017-12-12,17433.9307381648,683.905956165985,
2017-12-13,16515.15257218,701.59801899474,
2017-12-14,16602.8928033314,698.089197545295,
2017-12-15,17702.0021721216,689.464290181181,
2017-12-16,19640.5138834015,697.827856516657,
2017-12-17,19250.467650789,729.331224722384,
2017-12-18,18982.0250242548,787.728504091175,
2017-12-19,17653.3260894214,823.847225599065,
2017-12-20,16453.6272603741,797.287250730567,
2017-12-21,15633.8336504968,793.748969023963,
2017-12-22,14305.7183436587,682.334545879603,
2017-12-23,14910.8581049094,725.150860023378,
2017-12-24,14026.3468661601,688.890793687902,
2017-12-25,14080.9422600818,737.894633255406,
2017-12-26,15727.1454792519,750.003065166569,
2017-12-27,15389.0005739334,740.721733489188,
2017-12-28,14289.4522095266,716.352512273524,
2017-12-29,14571.7460821157,747.100341320865,
2017-12-30,12948.7158828171,713.782832554062,
2017-12-31,13921.4806414378,742.255464932788,
2018-01-01,13464.6536116306,756.071765634132,
2018-01-02,14754.322204851,863.918307714787,
2018-01-03,15010.2861595558,943.648126241964,
2018-01-04,15070.3007986558,952.354543541789,
2018-01-05,16997.2274079486,958.55284628872,
2018-01-06,17103.589279661,1006.15747457627,
2018-01-07,16231.6949994155,1102.88953652835,
2018-01-08,14937.4150894214,1134.69905990649,
2018-01-09,14378.5862174167,1288.40687521917,
2018-01-10,14669.0882656341,1231.76729456458,
2018-01-11,13186.7549427236,1128.56387580362,
2018-01-12,13789.4436639392,1257.23113442431,
2018-01-13,14231.2250645821,1380.14454091175,
2018-01-14,13681.0654611338,1361.91507568673,
2018-01-15,13591.6961966686,1281.72139830508,
2018-01-16,11431.0401052016,1061.18708854471,
2018-01-17,11159.6085905903,1012.62289070719,
2018-01-18,11246.0397302747,1018.76687463472,
2018-01-19,11440.2555616598,1029.93438457043,
2018-01-20,12768.4045856224,1151.94553243717,
2018-01-21,11422.3942589129,1039.42323290473,
2018-01-22,10737.3505774401,992.037435710111,
2018-01-23,10849.3918793103,985.212768264173,
2018-01-24,11225.8961747516,1047.12019959088,
2018-01-25,11130.4649473992,1043.62177206312,
2018-01-26,11035.5546098773,1040.46817066043,
2018-01-27,11320.9701852718,1092.768235827,
2018-01-28,11615.95871128,1214.83129924021,
2018-01-29,11132.5543138515,1162.00829953244,
2018-01-30,9959.54671537113,1051.93348831093,
2018-01-31,10050.0957971946,1096.25005698422,
2018-02-01,9039.86507510228,1019.17100789012,
2018-02-02,8786.0773798948,912.820928696668,
2018-02-03,9132.10032232613,960.893826125073,
2018-02-04,8250.52689596727,836.672457334892,
2018-02-05,6849.54255932203,692.76282729398,
2018-02-06,7738.64395967271,789.043020748101,
2018-02-07,7624.59538953828,754.536574810053,
2018-02-08,8218.58085184103,808.450633547633,
2018-02-09,8660.45346785505,873.56737434249,
2018-02-10,8530.29280479252,850.714849503214,
2018-02-11,8096.72848129749,814.783270894214,
2018-02-12,8907.67017913501,867.572440385739,
2018-02-13,8523.96693191116,840.090783752192,
2018-02-14,9467.3010327294,920.463681472823,
2018-02-15,10106.7330835769,929.869215663355,
2018-02-16,10189.3164833431,939.339457334892,
2018-02-17,11085.5984143776,975.231806253653,
2018-02-18,10452.0919772063,915.310905610754,
2018-02-19,11139.3557305669,937.840183226184,
2018-02-20,11245.9323179427,885.553141145529,
2018-02-21,10458.8650888369,840.667042957335,
2018-02-22,9878.15894272355,807.076898889538,
2018-02-23,10159.0656125073,855.767194038574,
2018-02-24,9686.60177995325,834.00284628872,
2018-02-25,9603.22747749854,842.311720046756,
2018-02-26,10312.3657130333,865.863039158387,
2018-02-27,10654.1072948568,875.052981881941,
2018-02-28,10307.0249663939,851.323646405611,
2018-03-01,10923.6308617767,869.302266803039,
2018-03-02,11014.0584672706,855.352857685564,
2018-03-03,11425.6805654588,854.387569549971,
2018-03-04,11462.5831975453,861.13072238457,
2018-03-05,11540.6623205728,851.608753068381,
2018-03-06,10677.0352308591,812.346192869667,
2018-03-07,9903.0850490941,751.754232028054,
2018-03-08,9330.47545295149,699.337428988895,
2018-03-09,9278.13918439509,725.310906779661,
2018-03-10,8786.56042314436,684.880582115722,
2018-03-11,9513.53539976622,718.054689655172,
2018-03-12,9147.89018059615,696.739231151374,
2018-03-13,9160.54293278784,689.902102571596,
2018-03-14,8222.12723904149,612.332631502046,
2018-03-15,8268.58912244302,611.166275862069,
2018-03-16,8376.90449824664,604.484301870251,
2018-03-17,7881.66192051432,550.865004091175,
2018-03-18,8189.01671917008,538.26132817066,
2018-03-19,8537.0156233197,550.138212741087,
2018-03-20,8895.54717913501,555.636667153711,
2018-03-21,8879.5942565751,557.397838983051,
2018-03-22,8710.66493512566,539.114045295149,
2018-03-23,8771.74632349503,537.592859731151,
2018-03-24,8610.9885163647,525.082402980713,
2018-03-25,8440.61092255991,522.222801870251,
2018-03-26,8171.18435447107,489.817600526008,
2018-03-27,7837.26531940386,450.549594389246,
2018-03-28,7933.64272969024,445.458083576856,
2018-03-29,7108.5708132671,385.35647019287,
2018-03-30,6832.14906633548,392.467127703098,
2018-03-31,6922.2812969024,394.512378141438,
2018-04-01,6804.52487931035,378.066090298071,
2018-04-02,7033.25960958504,383.397693746347,
2018-04-03,7420.80051548802,415.214929865576,
2018-04-04,6780.54360140269,378.529877264757,
2018-04-05,6798.42261659848,382.700794272355,
2018-04-06,6610.49234979544,369.936752776154,
2018-04-07,6886.46947194623,384.50724956166,
2018-04-08,7009.99610432496,399.415550847458,
2018-04-09,6736.89282378726,396.165397136178,
2018-04-10,6816.71861542957,413.452699298656,
2018-04-11,6944.78585710111,429.797426651081,
2018-04-12,7904.33027527762,493.565206604325,
2018-04-13,7919.06469462303,496.317744301578,
2018-04-14,8006.41794330801,503.221350964348,
2018-04-15,8342.27110140269,531.263950029223,
2018-04-16,8046.98213354763,510.983758328463,
2018-04-17,7887.73795791935,502.126641437756,
2018-04-18,8162.83486177674,524.994593804793,
2018-04-19,8272.96731589714,566.582526300409,
2018-04-20,8839.5011320865,616.317340736412,
2018-04-21,8863.54082904734,605.396331092928,
2018-04-22,8800.95908708358,621.139101402688,
2018-04-23,8930.78463354763,642.581729398013,
2018-04-24,9652.21378872005,705.007020455874,
2018-04-25,8855.50893658679,614.546471654004,
2018-04-26,9264.72742694331,661.796761835184,
2018-04-27,8981.33079018118,648.91000087668,
2018-04-28,9341.82468468732,682.535550555231,
2018-04-29,9396.99762974869,688.306110169492,
2018-04-30,9228.7264836353,667.063407656341,
2018-05-01,9072.16875745178,671.531682349503,
2018-05-02,9204.12764056108,686.611843366452,
2018-05-03,9750.70014640561,778.377544126242,
2018-05-04,9696.64290999416,783.391213617767,
2018-05-05,9795.92577206312,811.356392168323,
2018-05-06,9595.08681940386,784.875179719462,
2018-05-07,9339.5108471654,747.835312098188,
2018-05-08,9212.36963471654,751.6712314436,
2018-05-09,9293.04227352425,748.334789596727,
2018-05-10,9037.53050905903,725.943168907072,
2018-05-11,8419.75858737581,679.532485680888,
2018-05-12,8485.77526680304,685.777640268849,
2018-05-13,8695.83309380479,731.426734365868,
2018-05-14,8671.07417475161,726.421808883694,
2018-05-15,8488.463421391,706.471170660433,
2018-05-16,8327.75620134424,705.390606954997,
2018-05-17,8050.51623933372,668.044736995909,
2018-05-18,8233.08645528931,693.651683810637,
2018-05-19,8229.48293571011,693.809580654588,
2018-05-20,8511.44883021625,713.591691408533,
2018-05-21,8398.62312653419,697.845526008182,
2018-05-22,8007.52653214495,643.667876680304,
2018-05-23,7520.86767913501,578.229988603156,
2018-05-24,7575.62448597312,600.610572764465,
2018-05-25,7425.37567445938,578.594272939801,
2018-05-26,7326.30318644068,584.287411455289,
2018-05-27,7338.19304441847,570.388842781999,
2018-05-28,7110.82388164816,513.597075102279,
2018-05-29,7453.63372501461,563.903260958504,
2018-05-30,7374.6690490941,556.762384570427,
2018-05-31,7478.74186703682,575.469864699006,
2018-06-01,7519.83573728814,578.827563997662,
2018-06-02,7637.44825306838,591.811959088253,
2018-06-03,7702.15793308007,618.232842781999,
2018-06-04,7486.65319959088,589.882670660433,
2018-06-05,7611.14985271771,607.180310344827,
2018-06-06,7650.77580713033,605.429444769141,
2018-06-07,7665.9478962595,602.159334015196,
2018-06-08,7622.60233021625,600.128180596143,
2018-06-09,7556.17169783752,595.953623319696,
2018-06-10,6744.73580099357,521.276917299825,
2018-06-11,6849.45268731736,529.37152893045,
2018-06-12,6526.69968001169,489.836085330216,
2018-06-13,6306.51316803039,474.450975160725,
2018-06-14,6629.77012419638,517.722229105786,
2018-06-15,6399.67404646406,486.499246347165,
2018-06-16,6495.31530917592,497.322004675628,
2018-06-17,6450.69397282291,495.830741087084,
2018-06-18,6703.81258971362,516.850604032729,
2018-06-19,6732.50880917592,537.07477936879,
2018-06-20,6753.20682583285,535.268937755699,
2018-06-21,6720.37323436587,525.611178258329,
2018-06-22,6059.5758591467,462.967082700175,
2018-06-23,6174.22577936879,475.24524050263,
2018-06-24,6146.48719491526,454.388768264173,
2018-06-25,6243.53544097019,459.194290181181,
2018-06-26,6096.12876621859,432.493081531268,
2018-06-27,6139.18968322618,441.675166861485,
2018-06-28,5858.63577819988,419.791454120397,
2018-06-29,6220.9137150789,436.736421098773,
2018-06-30,6375.5412314436,451.723416715371,
2018-07-01,6361.40253886616,451.798441554646,
2018-07-02,6608.367157218,475.989448568089,
2018-07-03,6498.3078591467,461.751690239626,
2018-07-04,6579.33337638808,465.729150204559,
2018-07-05,6535.29840268849,467.058666277031,
2018-07-06,6598.45909585038,468.512964640561,
2018-07-07,6737.85608036236,480.533474868498,
2018-07-08,6704.91998012858,486.132053769725,
2018-07-09,6664.02409351257,471.721562536528,
2018-07-10,6309.08400409118,433.128439216832,
2018-07-11,6377.97651139684,446.347075394506,
2018-07-12,6159.46667621274,423.881741963764,
2018-07-13,6208.98557188779,431.35368264173,
2018-07-14,6255.11247866744,433.919185856225,
2018-07-15,6347.60427381648,448.72806779661,
2018-07-16,6710.80743746347,477.365285797779,
2018-07-17,7320.59482787843,499.438759789597,
2018-07-18,7376.03833927528,479.001641145529,
2018-07-19,7467.0342980713,468.405446814728,
2018-07-20,7327.25668293396,447.55797194623,
2018-07-21,7410.56562039743,461.986799532437,
2018-07-22,7399.48374693162,457.135277907656,
2018-07-23,7716.15862741087,448.955673290473,
2018-07-24,8397.61652162478,478.036987726476,
2018-07-25,8202.72039538282,472.696508474576,
2018-07-26,7913.93077819989,463.433338690824,
2018-07-27,8173.7746113384,469.311792811221,
2018-07-28,8190.36005669199,467.32178842782,
2018-07-29,8229.60583869083,466.918763588545,
2018-07-30,8171.83951928697,455.8956735827,
2018-07-31,7725.13303594389,431.798523670368,
2018-08-01,7596.6980119813,419.019926651081,
2018-08-02,7542.69466189363,410.974208357686,
2018-08-03,7411.34425014611,417.253495616598,
2018-08-04,7002.2086528346,406.419219462303,
2018-08-05,7031.58775102279,408.949922852133,
2018-08-06,6929.99089421391,405.378087375804,
2018-08-07,6722.57843278784,378.559632086499,
2018-08-08,6267.3886735827,354.369194330801,
2018-08-09,6558.09690794857,365.001145821157,
2018-08-10,6135.75185856224,330.642003798948,
2018-08-11,6313.74931180596,322.902082700175,
2018-08-12,6314.69165575687,317.954640561075,
2018-08-13,6265.84804383402,284.391617767387,
2018-08-14,6184.82908562244,276.242141729982,
2018-08-15,6270.21479865576,281.149638515488,
2018-08-16,6290.7504552893,285.766308007013,
2018-08-17,6563.07828872005,314.950714786674,
2018-08-18,6399.28744681473,295.433896551724,
2018-08-19,6490.71612711865,300.065017241379,
2018-08-20,6272.95272881356,271.61710578609,
2018-08-21,6473.07603945061,280.940823787259,
2018-08-22,6365.00983167738,270.081112799532,
2018-08-23,6516.40902542373,275.208127703098,
2018-08-24,6697.73187872589,281.684925482174,
2018-08-25,6745.43893921683,278.42391320865,
2018-08-26,6689.86933313852,273.289948860316,
2018-08-27,6839.15895236704,284.203754821742,
2018-08-28,7092.97380829924,296.625988895383,
2018-08-29,7033.42806808884,288.599854763296,
2018-08-30,6966.96374371713,283.884303331385,
2018-08-31,7025.14078024547,282.215765341905,
2018-09-01,7192.35254734074,294.940272063121,
2018-09-02,7286.66779105786,293.788012565751,
2018-09-03,7257.47021391,288.642138223261,
2018-09-04,7358.81147895967,285.306009643483,
2018-09-05,6790.89732846289,234.201679135009,
2018-09-06,6488.07593687902,229.094761250731,
2018-09-07,6408.65362244301,215.279640853302,
2018-09-08,6187.79050233781,196.648755990649,
2018-09-09,6249.24631034483,195.588831677382,
2018-09-10,6295.3886025716,196.122111922852,
2018-09-11,6278.42463968439,184.303709818819,
2018-09-12,6327.53636323787,182.668748392753,
2018-09-13,6490.91231648159,212.601965517241,
2018-09-14,6494.69547895967,211.697804208065,
2018-09-15,6524.16566744594,222.813010520164,
2018-09-16,6497.40470134424,220.022490356517,
2018-09-17,6258.59487492694,196.811666861485,
2018-09-18,6340.34779018118,209.519992986558,
2018-09-19,6383.95187580362,209.085130625365,
2018-09-20,6498.60711104617,223.652088544711,
2018-09-21,6741.14289888954,246.733348918761,
2018-09-22,6705.47605113969,240.176264465225,
2018-09-23,6703.13684950321,244.650700467563,
2018-09-24,6576.5450032145,227.800091466978,
2018-09-25,6416.44402162478,217.622940093513,
2018-09-26,6463.25040356517,215.031261835184,
2018-09-27,6677.90048860316,228.436735242548,
2018-09-28,6623.12615984804,221.042023962595,
2018-09-29,6584.49914757452,231.326054646406,
2018-09-30,6604.485028346,232.215880479252,
2018-10-01,6561.81383226184,229.918147282291,
2018-10-02,6508.72093863238,225.34053798948,
2018-10-03,6464.45684365868,218.985656049094,
2018-10-04,6545.28566773816,220.934906487434,
2018-10-05,6585.14957977791,226.533247516073,
2018-10-06,6550.47831589714,223.670021040327,
2018-10-07,6564.56826008182,224.381154003507,
2018-10-08,6604.68527410871,227.629361484512,
2018-10-09,6590.42862215079,226.366257451783,
2018-10-10,6529.10243600234,223.637414962011,
2018-10-11,6159.25164260666,190.503173290473,
2018-10-12,6191.67722326125,194.233684102864,
2018-10-13,6197.68569637639,196.640900350672,
2018-10-14,6182.87934424313,192.082561659848,
2018-10-15,6442.71541408533,204.845595265926,
2018-10-16,6461.93715926359,205.678965517241,
2018-10-17,6442.73070017534,203.589184395091,
2018-10-18,6396.47981209819,199.104167738165,
2018-10-19,6383.07784015196,200.18542226768,
2018-10-20,6408.25274634717,202.620590298071,
2018-10-21,6415.34050292227,202.197792518995,
2018-10-22,6408.03363559322,200.986967855056,
2018-10-23,6395.98766686149,201.106208649912,
2018-10-24,6413.80364114553,200.548608123904,
2018-10-25,6402.3248591467,199.862744593805,
2018-10-26,6404.10855230859,200.622661601403,
2018-10-27,6409.40532758621,201.418418468732,
2018-10-28,6406.63325306838,202.451103156049,
2018-10-29,6263.0417346581,194.321351256575,
2018-10-30,6272.16772822911,195.65895295149,
2018-10-31,6306.31693132671,196.897931911163,
2018-11-01,6342.97750058445,197.8192106955,
2018-11-02,6348.16858270018,199.850372589129,
2018-11-03,6332.43413296318,198.354677381648,
2018-11-04,6420.42200029223,209.989572764465,
2018-11-05,6402.94683898305,208.075581531268,
2018-11-06,6441.14521887785,218.089755698422,
2018-11-07,6500.86980508475,216.783056399766,
2018-11-08,6406.75293746347,210.643103448276,
2018-11-09,6331.37876709527,208.102855932203,
2018-11-10,6353.11273407364,210.56486528346,
2018-11-11,6335.41420397428,209.064253652835,
2018-11-12,6320.65605376972,208.28941233197,
2018-11-13,6267.9379912332,203.619797194623,
2018-11-14,5574.25834891876,176.673708649912,
2018-11-15,5538.56060783168,177.585899766219,
2018-11-16,5496.01623115137,172.027222969024,
2018-11-17,5501.09234044418,172.325834307423,
2018-11-18,5555.3763383986,174.887517533606,
2018-11-19,4792.20002367037,146.837374634717,
2018-11-20,4317.53067007598,126.699694038574,
2018-11-21,4549.32200993571,134.894838690824,
2018-11-22,4303.61554850964,124.98310666277,
2018-11-23,4289.89285330216,121.464526884863,
2018-11-24,3806.31692489772,111.207919345412,
2018-11-25,3946.85087434249,114.328124196376,
2018-11-26,3700.28599269433,105.976193161894,
2018-11-27,3776.55590531853,108.939132963179,
2018-11-28,4208.47526914085,120.843035651666,
2018-11-29,4239.03948831093,116.45006779661,
2018-11-30,3973.33405230859,111.631448568089,
2018-12-01,4148.07372559906,116.974022793688,
2018-12-02,4098.74676388077,114.873848918761,
2018-12-03,3843.9766659848,107.436093804792,
2018-12-04,3892.95164699006,108.393074225599,
2018-12-05,3709.52085827002,101.132688778492,
2018-12-06,3511.96898158971,90.8128144360023,
2018-12-07,3372.99569257744,92.1289161309176,
2018-12-08,3407.95119462303,90.5991420222092,
2018-12-09,3540.43957597896,92.9939959088252,
2018-12-10,3413.59258416131,89.3385888369375,
2018-12-11,3352.56420017534,87.1420371127995,
2018-12-12,3423.01291788428,88.8542311513735,
2018-12-13,3260.34158240795,85.0300748100526,
2018-12-14,3198.94747369959,83.0865353594389,
2018-12-15,3185.07404383402,82.8301902396259,
2018-12-16,3195.41455523086,83.7853918760959,
2018-12-17,3499.15648188194,93.8437010520164,
2018-12-18,3659.52737931035,100.277705143191,
2018-12-19,3697.72530333139,99.9495049678551,
2018-12-20,4067.73770777323,114.083974868498,
2018-12-21,3839.08510841613,107.811862068966,
2018-12-22,3964.94611630625,115.230315897136,
2018-12-23,3942.66699590883,129.693795441262,
2018-12-24,4040.04578959673,140.372449444769,
2018-12-25,3761.58401081239,127.919814436002,
2018-12-26,3807.65745353594,130.30945119813,
2018-12-27,3585.46053594389,114.117396551724,
2018-12-28,3881.05488486265,135.222091759205,
2018-12-29,3823.13832612507,140.09879836353,
2018-12-30,3825.4074628872,138.401716247808,
2018-12-31,3687.19994009351,130.790460549386,
2019-01-01,3808.11783167738,139.154644360023,
2019-01-02,3898.1974880187,154.426368790181,
2019-01-03,3784.38863471654,147.06208679135,
2019-01-04,3827.52459438925,153.442376972531,
2019-01-05,3798.61395499708,154.301756867329,
2019-01-06,4045.99377498539,155.940283167738,
2019-01-07,4001.01827819988,150.346131794272,
2019-01-08,3992.6227893045,149.052762711864,
2019-01-09,4004.25903565167,149.62985622443,
2019-01-10,3627.90345002922,126.929803915839,
2019-01-11,3624.16142109877,124.970574225599,
2019-01-12,3617.02207831677,124.329310637054,
2019-01-13,3508.6701081239,115.339895382817,
2019-01-14,3666.94519374635,128.323583869082,
2019-01-15,3581.29301548802,120.32987609585,
2019-01-16,3606.98657568673,122.420913793103,
2019-01-17,3640.12913062536,122.647751607247,
2019-01-18,3609.42673611923,119.485191408533,
2019-01-19,3687.30196113384,123.487991233197,
2019-01-20,3538.31372296903,117.515231735827,
2019-01-21,3535.623393045,115.918843074226,
2019-01-22,3577.30834979544,117.97571975453,
2019-01-23,3551.89382115722,116.313436586791,
2019-01-24,3567.58893366452,116.326357977791,
2019-01-25,3561.35049795441,114.967366452367,
2019-01-26,3557.03991525424,115.040040035067,
2019-01-27,3537.61413062536,111.82207685564,
2019-01-28,3435.05251402689,105.667155756867,
2019-01-29,3395.82376329632,104.227875803624,
2019-01-30,3437.89586616014,107.66988603156,
2019-01-31,3410.13161601403,105.739236119229,
2019-02-01,3445.04989129164,106.634947691409,
2019-02-02,3461.93511747516,108.571131794272,
2019-02-03,3413.02161630625,106.021722676797,
2019-02-04,3411.38796171829,106.026675628288,
2019-02-05,3426.46501139684,106.135586499123,
2019-02-06,3367.50636499123,103.394712156634,
2019-02-07,3358.87359906487,103.299053769725,
2019-02-08,3612.47961922852,117.501485096435,
2019-02-09,3621.26812098188,118.103963471654,
2019-02-10,3642.0223591467,123.577868205728,
2019-02-11,3590.6184836353,119.726615429573,
2019-02-12,3587.90246580947,120.828701928697,
2019-02-13,3576.08537258913,120.690225891292,
2019-02-14,3561.91638340152,119.68091320865,
2019-02-15,3565.00692372881,120.360025423729,
2019-02-16,3584.73600263004,121.804881063705,
2019-02-17,3622.7574289889,132.80649006429,
2019-02-18,3866.12921712449,144.415395967271,
2019-02-19,3895.43521098773,143.137295733489,
2019-02-20,3931.61382904734,147.192143483343,
2019-02-21,3892.26179427236,143.601283459965,
2019-02-22,3948.30051052016,147.063304208065,
2019-02-23,4110.15112127411,157.5305,
2019-02-24,3754.18378988895,135.383128872005,
2019-02-25,3822.01869666861,137.924874926943,
2019-02-26,3796.17506838106,135.725916130918,
2019-02-27,3799.3819924021,133.996758912916,
2019-02-28,3792.94772296902,134.754724137931,
2019-03-01,3810.63269257744,134.864564582116,
2019-03-02,3809.64339099942,132.19729748685,
2019-03-03,3782.38187025132,129.645783752192,
2019-03-04,3698.16185505552,125.120439509059,
2019-03-05,3840.1280490941,135.707658971362,
2019-03-06,3851.99842548218,137.182303915839,
2019-03-07,3855.92316832262,136.142440677966,
2019-03-08,3839.23355289304,132.441421098773,
2019-03-09,3910.36116656926,136.296960841613,
2019-03-10,3903.9119509059,135.225663062537,
2019-03-11,3851.56892168323,132.080107539451,
2019-03-12,3858.91482378726,132.696165108124,
2019-03-13,3851.95746639392,131.13371244886,
2019-03-14,3853.78326504968,131.309282583285,
2019-03-15,3901.91420689655,135.602942723553,
2019-03-16,3989.79607685564,140.628877556984,
2019-03-17,3967.14349444769,138.143052308591,
2019-03-18,3969.44014582116,137.063216247808,
2019-03-19,3996.16790356517,137.928077147867,
2019-03-20,4030.65527586207,138.685892460549,
2019-03-21,3976.27385008767,134.586574225599,
2019-03-22,3983.88764582116,135.893367913501,
2019-03-23,3981.77603302163,136.475040619521,
2019-03-24,3970.6669880187,135.419440385739,
2019-03-25,3908.23883869082,133.093157802455,
2019-03-26,3917.76340210403,133.164339859731,
2019-03-27,4027.00791788428,139.21530742256,
2019-03-28,4010.93746201052,137.336611922852,
2019-03-29,4089.46104003507,142.368977498539,
2019-03-30,4091.89103834015,142.107745178258,
2019-03-31,4094.31781472823,141.27678515488,
2019-04-01,4138.41780771479,141.295688778492,
2019-04-02,4903.71946206897,165.466880479252,
2019-04-03,4960.22760274693,160.239572764465,
2019-04-04,4911.26970245471,157.865736879018,
2019-04-05,5033.22548369375,165.938985388662,
2019-04-06,5044.35684593805,165.408794856809,
2019-04-07,5189.11195558153,174.463659555815,
2019-04-08,5283.42302483928,180.779501168907,
2019-04-09,5195.57790882525,175.957886616014,
2019-04-10,5311.74160327294,177.474878959673,
2019-04-11,5050.66600859147,165.550361192285,
2019-04-12,5082.86143202805,164.89181735827,
2019-04-13,5074.79069257744,164.128659263589,
2019-04-14,5156.80404061952,168.013099064874,
2019-04-15,5042.89773845704,160.557473115137,
2019-04-16,5205.96295745178,166.662340151958,
2019-04-17,5226.35221519579,166.364139684395,
2019-04-18,5278.5023395675,173.54595207481,
2019-04-19,5289.95121911163,173.652783459965,
2019-04-20,5313.97326212741,173.215369374635,
2019-04-21,5295.73382817066,169.945601110462,
2019-04-22,5383.79997533606,171.565414669784,
2019-04-23,5544.86271186441,170.937409643483,
2019-04-24,5431.94791963764,165.142114202221,
2019-04-25,5127.67316738749,152.045494447691,
2019-04-26,5150.16466066628,152.960927527762,
2019-04-27,5181.80776364699,155.726733489188,
2019-04-28,5148.66961542957,153.2518471654,
2019-04-29,5148.80049327878,152.545208766803,
2019-04-30,5266.61820251315,159.938501461134,
2019-05-01,5315.17532904734,158.222859731151,
2019-05-02,5393.12937638808,159.191619520748,
2019-05-03,5658.43038836938,164.69545207481,
2019-05-04,5774.71242869667,162.037265751023,
2019-05-05,5728.35170222092,161.485596434833,
2019-05-06,5691.68837405026,172.068616014027,
2019-05-07,5825.744893045,170.05011484512,
2019-05-08,5931.8005949737,169.558764172998,
2019-05-09,6150.14044476914,170.250314728229,
2019-05-10,6357.46349357101,172.221821975453,
2019-05-11,7325.08286031561,199.606514552893,
2019-05-12,6942.62317451783,187.184103740503,
2019-05-13,7798.90573600234,195.825203097604,
2019-05-14,7955.5576823495,218.214805669199,
2019-05-15,8215.2068383986,249.061431034483,
2019-05-16,7862.07160233782,263.38047019287,
2019-05-17,7326.92068188194,242.263793687902,
2019-05-18,7277.98756341321,234.841279661017,
2019-05-19,8219.74278696669,261.974045295149,
2019-05-20,7981.13937895967,252.417419637639,
2019-05-21,7983.80847738165,256.818162185856,
2019-05-22,7667.90211484512,244.550514319112,
2019-05-23,7897.4712936879,245.840384862654,
2019-05-24,7987.10036762127,248.839252016365,
2019-05-25,8061.59176072472,251.888460958504,
2019-05-26,8731.52495587376,268.294339567504,
2019-05-27,8816.78670835769,272.616331092928,
2019-05-28,8719.12584833431,271.223498538866,
2019-05-29,8655.48850613676,269.327810929281,
2019-05-30,8271.62196317942,254.294201753361,
2019-05-31,8556.222185564,266.573922559906,
2019-06-01,8554.80732963179,265.140144360023,
2019-06-02,8744.35374547049,269.967041496201,
2019-06-03,8173.40127054354,251.05775862069,
2019-06-04,7649.93933196961,239.457040911748,
2019-06-05,7798.54446639392,246.337600233782,
2019-06-06,7776.71332612507,247.488754237288,
2019-06-07,8023.950093045,250.225909585038,
2019-06-08,7939.80515488019,244.62647019287,
2019-06-09,7634.06575073057,231.039578024547,
2019-06-10,7993.30253857393,246.746325248393,
2019-06-11,7922.48362711864,245.800910870836,
2019-06-12,8146.75612507306,259.656640093513,
2019-06-13,8232.77734137931,255.336300409117,
2019-06-14,8698.00481502046,264.76342314436,
2019-06-15,8850.58481601403,269.057187405026,
2019-06-16,9019.51700672121,269.848518702513,
2019-06-17,9340.57218877849,273.7140949737,
2019-06-18,9047.13274447691,263.702251899474,
2019-06-19,9285.05567656341,268.93683810637,
2019-06-20,9546.71977819988,272.137500292227,
2019-06-21,10083.4863136762,294.852892752776,
2019-06-22,10685.2952327878,308.009769725307,
2019-06-23,10794.4276963764,306.55350742256,
2019-06-24,11004.2069094681,309.798750263004,
2019-06-25,11726.2638308007,316.171920046756,
2019-06-26,12863.4606849795,334.035053477499,
2019-06-27,11109.7978418469,293.215036236119,
2019-06-28,12358.2079582116,309.446182933957,
2019-06-29,11944.3515473407,318.529788135593,
2019-06-30,10842.6167109877,291.660696317943,
2019-07-01,10569.5517282291,293.862392752776,
2019-07-02,10766.0833162186,290.571834307423,
2019-07-03,11952.0248935126,302.057210403273,
2019-07-04,11177.0103787551,283.489202805377,
2019-07-05,10998.3991004676,287.858582992402,
2019-07-06,11208.225600526,287.274129982466,
2019-07-07,11456.1836039158,306.198590590298,
2019-07-08,12319.6228758036,313.326290473407,
2019-07-09,12579.107616014,308.343054061952,
2019-07-10,12106.7829313267,288.731157802455,
2019-07-11,11294.678028346,267.536604617183,
2019-07-12,11813.3237158971,275.872600233781,
2019-07-13,11346.837148159,268.688629339568,
2019-07-14,10283.0757891292,230.335976329632,
2019-07-15,10926.3802741087,230.578357977791,
2019-07-16,9471.14086475745,199.001611046172,
2019-07-17,9674.88246113384,210.931314728229,
2019-07-18,10679.8906896552,227.241794272355,
2019-07-19,10532.2027291058,221.03139333723,
2019-07-20,10862.6485479252,230.67205371128,
2019-07-21,10589.7064907656,225.672067124489,
2019-07-22,10318.5609251899,217.013625365284,
2019-07-23,9866.64894038574,212.361456750438,
2019-07-24,9792.78753652835,216.848442548217,
2019-07-25,9897.18678603156,219.638668264173,
2019-07-26,9836.69678813559,219.365355873758,
2019-07-27,9446.67205207481,206.645765049679,
2019-07-28,9529.78879193454,210.927540561075,
2019-07-29,9504.15891595558,210.840748977206,
2019-07-30,9589.10920601987,210.029560841613,
2019-07-31,10059.0040189947,218.08824050263,
2019-08-01,10400.3070143776,217.353194915254,
2019-08-02,10529.6944544126,217.667191992987,
2019-08-03,10810.4216686148,221.83531648159,
2019-08-04,10986.5089291058,222.788521917008,
2019-08-05,11790.0239375804,232.299908825248,
2019-08-06,11423.4970017534,225.729268264173,
2019-08-07,11967.2735473407,226.042916773817,
2019-08-08,11938.2346108708,220.550041320865,
2019-08-09,11858.3410984804,209.817827878434,
2019-08-10,11303.7305618936,206.324379310345,
2019-08-11,11530.195242256,215.789734658095,
2019-08-12,11384.6962465809,210.972497662186,
2019-08-13,10867.05475827,208.597628345996,
2019-08-14,10024.3795917008,186.381814143776,
2019-08-15,10310.0858696669,188.016636469901,
2019-08-16,10373.3219028054,185.577936879018,
2019-08-17,10207.1555616598,185.547666510812,
2019-08-18,10331.3099760374,194.706162068966,
2019-08-19,10884.6297744009,202.767035067212,
2019-08-20,10771.3923793688,196.717822033898,
2019-08-21,10096.8302238457,186.497284628872,
2019-08-22,10119.7145248393,191.596093220339,
2019-08-23,10414.1441725891,194.624304792519,
2019-08-24,10147.0871548802,191.114351256575,
2019-08-25,10100.3567783752,186.324488895383,
2019-08-26,10362.6434723553,188.569805376973,
2019-08-27,10168.221571654,186.883293103448,
2019-08-28,9724.79997808299,173.17579748685,
2019-08-29,9482.31173495032,168.735882349503,
2019-08-30,9577.67882349503,168.372436002338,
2019-08-31,9605.02446142607,172.177609877265,
2019-09-01,9762.93655689655,171.211480479252,
2019-09-02,10377.3383845704,178.580194623027,
2019-09-03,10618.7815058445,179.233673874927,
2019-09-04,10577.2410839275,174.729775277615,
2019-09-05,10580.1846995909,174.54153974284,
2019-09-06,10330.8497312098,169.23070338983,
2019-09-07,10494.5069649328,178.287494389246,
2019-09-08,10407.2656573933,181.604640268849,
2019-09-09,10332.4644424313,181.388241671537,
2019-09-10,10085.9519243133,179.595805669199,
2019-09-11,10142.1480603741,178.058855639977,
2019-09-12,10403.3599707773,180.84650818235,
2019-09-13,10345.3387469316,181.51325949737,
2019-09-14,10363.4528963179,188.595950496786,
2019-09-15,10306.1696674459,189.443608416131,
2019-09-16,10257.822761543,197.430535651666,
2019-09-17,10195.6111811806,209.287582700175,
2019-09-18,10161.3188664524,210.7212235827,
2019-09-19,10268.3926291642,221.562201052016,
2019-09-20,10170.1251161309,217.195570134424,
2019-09-21,9986.4061081239,215.50002980713,
2019-09-22,10047.0134748685,211.051801870251,
2019-09-23,9692.74104792519,201.226725014611,
2019-09-24,8613.67124850965,168.43832817066,
2019-09-25,8424.15764640561,169.84662478083,
2019-09-26,8091.69529924021,166.334617884278,
2019-09-27,8186.77963927528,174.083654120397,
2019-09-28,8201.97901344243,173.798880362361,
2019-09-29,8064.50806236119,169.853334891876,
2019-09-30,8282.3654541204,179.508727936879,
2019-10-01,8314.55139012273,176.635159555815,
2019-10-02,8362.53073232028,180.731424605494,
2019-10-03,8254.33991028638,175.467113267095,
2019-10-04,8165.68615125658,176.204069316189,
2019-10-05,8141.63371379311,176.184813267095,
2019-10-06,7854.60981297487,169.854954237288,
2019-10-07,8226.02342928112,181.001570426651,
2019-10-08,8190.1151207481,180.668669783752,
2019-10-09,8598.3319207481,194.229131502046,
2019-10-10,8578.09037931034,191.574099707773,
2019-10-11,8289.85402893045,180.902172472238,
2019-10-12,8323.7501440678,180.319804997078,
2019-10-13,8291.25065143191,181.47459760374,
2019-10-14,8346.36843658679,186.520615137347,
2019-10-15,8160.71262752776,180.282949853887,
2019-10-16,8003.85592314436,174.995676329632,
2019-10-17,8072.48938229106,177.070229865576,
2019-10-18,7959.33199357101,173.130578725891,
2019-10-19,7948.47733722969,171.613132729398,
2019-10-20,8213.70903927528,175.187846580947,
2019-10-21,8211.65455873758,174.198366861485,
2019-10-22,8029.20537288136,171.261682057276,
2019-10-23,7458.03585680889,161.323558386908,
2019-10-24,7454.37113816482,161.024464640561,
2019-10-25,8656.65517755699,181.161944476914,
2019-10-26,9249.64676095851,179.720602337814,
2019-10-27,9558.15604400935,184.572484570427,
2019-10-28,9319.17814167154,182.81422063121,
2019-10-29,9431.20712390415,190.830495441262,
2019-10-30,9182.85506516657,183.277003798948,
2019-10-31,9155.27729877265,182.430567212157,
2019-11-01,9251.38129345412,183.362267679719,
2019-11-02,9300.19083752192,182.998768848627,
2019-11-03,9209.63869608416,181.907013734658,
2019-11-04,9418.36013062537,186.034432787843,
2019-11-05,9330.78722296902,189.217251373466,
2019-11-06,9354.93338229106,191.556660666277,
2019-11-07,9210.74822238457,186.770622443016,
2019-11-08,8791.33393495032,184.038223085915,
2019-11-09,8810.78456195208,184.962579777908,
2019-11-10,9042.89072320281,189.045104675628,
2019-11-11,8713.20792957335,184.418845295149,
2019-11-12,8788.95814295734,186.5779264173,
2019-11-13,8766.72943050848,188.033356107539,
2019-11-14,8645.43580362361,184.766463763881,
2019-11-15,8465.87788854471,179.989789070719,
2019-11-16,8477.69024284044,182.287117182934,
2019-11-17,8505.16122326125,183.829805961426,
2019-11-18,8183.53341350088,178.062372004676,
2019-11-19,8116.82067258913,175.435199883109,
2019-11-20,8076.55466008182,174.409720338983,
2019-11-21,7612.2774880187,160.728296902396,
2019-11-22,7277.52427323203,149.776162478083,
2019-11-23,7324.83617855056,152.327056282876,
2019-11-24,6943.38065604909,141.576619520748,
2019-11-25,7139.04468597312,146.562241846873,
2019-11-26,7165.43773027469,147.942878550555,
2019-11-27,7526.86381654004,153.24832226768,
2019-11-28,7436.3363817066,151.010392460549,
2019-11-29,7747.73804208066,154.256289012274,
2019-11-30,7556.19372121567,152.016210111046,
2019-12-01,7417.72720601987,151.380223378141,
2019-12-02,7318.31252180012,149.052715663355,
2019-12-03,7306.44623331385,147.465369140853,
2019-12-04,7215.02034482759,145.69724465225,
2019-12-05,7404.0867949737,148.022399883109,
2019-12-06,7534.2083559322,148.700186732905,
2019-12-07,7512.06140263004,147.515199298656,
2019-12-08,7528.94026943308,150.838420806546,
2019-12-09,7340.22745908825,147.375495149036,
2019-12-10,7232.09178375219,145.696360140269,
2019-12-11,7200.46444599649,143.130404734074,
2019-12-12,7192.84902425482,144.734203682057,
2019-12-13,7244.90372004676,144.599715078901,
2019-12-14,7071.10709029807,141.842442840444,
2019-12-15,7111.28666995909,142.304544126242,
2019-12-16,6882.39579532437,132.379981122151,
2019-12-17,6608.96197983635,121.505916423144,
2019-12-18,7284.6254836353,132.883688018703,
2019-12-19,7146.16763763881,127.844947691409,
2019-12-20,7184.21917206312,128.217562828755,
2019-12-21,7140.29801127995,127.097141145529,
2019-12-22,7479.40240789012,132.060468731736,
2019-12-23,7321.7487238457,127.814310578609,
2019-12-24,7235.62908381064,127.656445938048,
2019-12-25,7191.17416569258,124.881023085915,
2019-12-26,7194.63975832846,125.308429865576,
2019-12-27,7237.15044728229,126.181629456458,
2019-12-28,7306.64330829924,128.037601694915,
2019-12-29,7391.578521391,134.639243717125,
2019-12-30,7229.3971006429,131.287466744594,
2019-12-31,7167.39505464641,128.511079777908,
2020-01-01,7170.63186879018,129.963875336061,
2020-01-02,6946.82526914085,126.730876972531,
2020-01-03,7315.3093603156,133.800767095266,
2020-01-04,7343.16419438925,134.050349210988,
2020-01-05,7345.53069181765,134.982177089421,
2020-01-06,7765.7977346581,143.988824079486,
2020-01-07,8136.08684190532,143.248955698422,
2020-01-08,8059.69952887201,140.872484044418,
2020-01-09,7817.13609322034,137.473664114553,
2020-01-10,8129.81791992987,143.789400935126,
2020-01-11,8032.00549503215,142.846074284044,
2020-01-12,8164.54999316189,145.447126008182,
2020-01-13,8121.92566762127,143.910222209234,
2020-01-14,8830.16787346581,166.047976914085,
2020-01-15,8811.44820251315,165.85377936879,
2020-01-16,8718.68699801286,164.052933255406,
2020-01-17,8912.54190414962,171.034402337814,
2020-01-18,8928.1807565751,175.074978375219,
2020-01-19,8687.35483664524,166.791822443016,
2020-01-20,8636.2587862069,166.927411046172,
2020-01-21,8730.86756019871,169.171668731736,
2020-01-22,8647.90047399182,167.545226271186,
2020-01-23,8366.38461396844,162.156525599065,
2020-01-24,8423.39095815313,162.247590707189,
2020-01-25,8344.77456896552,160.521455172414,
2020-01-26,8573.87480958504,167.159112974868,
2020-01-27,8901.95928486265,169.934313676213,
2020-01-28,9297.3883176505,175.276188486265,
2020-01-29,9311.94754354179,174.676776680304,
2020-01-30,9508.92096493279,184.256748977206,
2020-01-31,9357.28478240795,180.163670368206,
2020-02-01,9381.88602863822,183.562507656341,
2020-02-02,9339.38706312098,188.398108533022,
2020-02-03,9279.81252051432,189.341644067797,
2020-02-04,9161.62719772063,188.276665984804,
2020-02-05,9628.13677586207,205.125087901812,
2020-02-06,9739.2804364699,212.849642723553,
2020-02-07,9800.27939982466,222.863079719462,
2020-02-08,9911.29340841613,223.973379602572,
2020-02-09,10151.0832026885,228.467053126826,
2020-02-10,9872.36187305669,224.139831618936,
2020-02-11,10272.2225558738,237.649539333723,
2020-02-12,10360.1352229106,266.649455289304,
2020-02-13,10235.4973226184,267.940001870251,
2020-02-14,10361.6156901812,284.830649094097,
2020-02-15,9911.72432700175,265.033846464056,
2020-02-16,9952.04661157218,261.128690531853,
2020-02-17,9683.0796277031,266.608233372297,
2020-02-18,10195.3037904734,283.564988310929,
2020-02-19,9636.00229865576,261.077341028638,
2020-02-20,9614.03012244302,258.631871011105,
2020-02-21,9701.79750268849,265.90940414962,
2020-02-22,9675.24905756868,261.763375803624,
2020-02-23,9972.84242308591,274.979647574518,
2020-02-24,9648.00788310929,264.367167504383,
2020-02-25,9344.28714009351,248.53713220339,
2020-02-26,8798.88894856809,225.706557159556,
2020-02-27,8779.02948188194,226.398922033898,
2020-02-28,8750.59344599649,228.673918468732,
2020-02-29,8582.09029964933,220.10229421391,
2020-03-01,8541.77389392169,218.6236685564,
2020-03-02,8906.21475645821,231.194931618936,
2020-03-03,8768.81061420222,224.283570017534,
2020-03-04,8756.36957218001,224.156026826417,
2020-03-05,9062.61580274693,227.813605844535,
2020-03-06,9147.08505897136,244.330236002338,
2020-03-07,8898.30695675044,238.059852600818,
2020-03-08,8109.61454114553,202.765954997078,
2020-03-09,7896.38531987142,200.151101052016,
2020-03-10,7909.92787545295,200.851090531853,
2020-03-11,7939.34133477499,194.236009351257,
2020-03-12,4959.31341437756,110.32820163647,
2020-03-13,5627.69238836938,134.759985680888,
2020-03-14,5145.17250642899,122.078151256575,
2020-03-15,5358.61066335476,123.754734073641,
2020-03-16,5012.92738778492,110.34905873758,
2020-03-17,5416.7547106955,117.783463763881,
2020-03-18,5392.48783594389,117.683343658679,
2020-03-19,6203.5516320865,137.357502980713,
2020-03-20,6174.14947603741,131.532323261251,
2020-03-21,6175.83102220924,132.511633430742,
2020-03-22,5830.56097960257,122.442055523086,
2020-03-23,6486.40865733489,135.589770601987,
2020-03-24,6775.05761893629,139.414792226768,
2020-03-25,6689.96901285798,136.095511981297,
2020-03-26,6754.46033606078,138.608215488019,
2020-03-27,6490.79541502046,133.681614728229,
2020-03-28,6231.81989023963,131.027766510812,
2020-03-29,5904.85758679135,125.178745470485,
2020-03-30,6436.90570017534,132.902320514319,
2020-03-31,6432.3832421391,133.508133372297,
2020-04-01,6643.11000870836,135.85480654588,
2020-04-02,6792.74222209234,141.151746639392,
2020-04-03,6751.90255178258,141.727211279953,
2020-04-04,6859.98916867329,144.336282700175,
2020-04-05,6790.81247264758,142.972632963179,
2020-04-06,7298.17374517826,169.609724313267,
2020-04-07,7187.59333664524,164.21725949737,
2020-04-08,7372.19476399766,173.294784336645,
2020-04-09,7299.57918790181,170.28360490941,
2020-04-10,6859.82267475161,157.550598188194,
2020-04-11,6883.18222895967,158.431649327878,
2020-04-12,6978.66628661601,160.649303331385,
2020-04-13,6863.57553319696,157.198628579778,
2020-04-14,6875.53850344828,159.006158445354,
2020-04-15,6625.47577510228,152.951140736411,
2020-04-16,7127.79228223261,172.970440327294,
2020-04-17,7081.39519842197,172.23222063121,
2020-04-18,7262.79234360023,188.109414903565,
2020-04-19,7150.2442154588,181.230814377557,
2020-04-20,6853.27341478667,171.013763296318,
2020-04-21,6870.42369865576,171.489232904734,
2020-04-22,7123.65691992987,182.581804178843,
2020-04-23,7488.60516528346,185.6463264173,
2020-04-24,7506.44331648159,187.621841320865,
2020-04-25,7537.73820911748,193.785201928697,
2020-04-26,7684.06852168322,197.062440268849,
2020-04-27,7777.49151858562,196.565708679135,
2020-04-28,7769.89969842197,197.466412565751,
2020-04-29,8761.83716954997,215.38395207481,
2020-04-30,8652.4109912332,206.88486528346,
2020-05-01,8855.53525827002,212.713617767387,
2020-05-02,8977.28170537697,214.133870601987,
2020-05-03,8896.7956383986,210.090575306838,
2020-05-04,8881.95430450029,206.961926592636,
2020-05-05,8985.8795993571,204.885417007598,
2020-05-06,9266.8130730567,202.736075569842,
2020-05-07,9993.75317685564,212.990972822911,
2020-05-08,9859.32360461718,212.413128872005,
2020-05-09,9577.33892238457,210.774871127995,
2020-05-10,8715.03329322034,187.542486849795,
2020-05-11,8591.65288433665,185.715372296902,
2020-05-12,8817.25068112215,189.818459438925,
2020-05-13,9322.99720204559,199.938022559907,
2020-05-14,9801.26948772647,203.532877030976,
2020-05-15,9326.87585891292,195.121980303916,
2020-05-16,9395.4753893045,200.819766218586,
2020-05-17,9682.5324811806,207.07257685564,
2020-05-18,9726.85002209235,214.748162478083,
2020-05-19,9754.20146201052,213.820466744594,
2020-05-20,9515.702550263,209.804793103448,
2020-05-21,9068.80122933957,198.91755698422,
2020-05-22,9161.81503389831,207.063677673875,
2020-05-23,9183.66212507305,206.906197253068,
2020-05-24,8806.23065715956,202.376306370544,
2020-05-25,8909.19258153127,204.292245002922,
2020-05-26,8835.13725336061,200.86048918761,
2020-05-27,9169.05743921683,207.498003798948,
2020-05-28,9568.26185300994,219.378571011105,
2020-05-29,9432.41333343074,220.784826300409,
2020-05-30,9691.68049117475,243.572401285798,
2020-05-31,9433.94384663939,231.444047457627,
2020-06-01,10199.1350542373,249.07495295149,
2020-06-02,9512.34653302163,237.179632554062,
2020-06-03,9642.27340035067,243.934139450614,
2020-06-04,9813.36067913501,243.647765984804,
2020-06-05,9641.8916225599,240.312976037405,
2020-06-06,9668.67053857393,242.019700292227,
2020-06-07,9747.58011104617,244.384643483343,
2020-06-08,9769.34236148451,245.968303565167,
2020-06-09,9779.42216566335,244.326140970193,
2020-06-10,9888.44417469316,247.704879544126,
2020-06-11,9277.45116931619,230.904400935126,
2020-06-12,9456.16153331385,237.162442723554,
2020-06-13,9461.33379865576,238.090407890123,
2020-06-14,9342.955635301,232.137277089421,
2020-06-15,9441.38321127995,231.19783974284,
2020-06-16,9520.09194827586,235.136621215663,
2020-06-17,9448.69356060783,233.687851022794,
2020-06-18,9389.99076639392,231.331098889538,
2020-06-19,9285.99158293396,228.77822402104,
2020-06-20,9357.29246446522,228.919830800701,
2020-06-21,9284.76937182934,227.579033606078,
2020-06-22,9684.62018474576,243.220758153127,
2020-06-23,9611.72599824664,242.92121899474,
2020-06-24,9292.94354354179,234.823753360608,
2020-06-25,9247.12143249561,232.421420689655,
2020-06-26,9159.43777206312,229.694167387493,
2020-06-27,9002.16561718293,220.699442022209,
2020-06-28,9108.06567457627,224.443460666277,
2020-06-29,9184.24736627703,228.02034137931,
2020-06-30,9143.96758530099,225.722754821742,
2020-07-01,9241.33961239041,231.145918468732,
2020-07-02,9094.38728679135,226.701505376973,
2020-07-03,9066.69069661017,225.098854763296,
2020-07-04,9126.21955493863,228.866272063121,
2020-07-05,9079.61401808884,227.667268264173,
2020-07-06,9338.94259117475,241.179081239042,
2020-07-07,9252.15873261251,239.013429573349,
2020-07-08,9434.56795645821,246.8441157218,
2020-07-09,9231.50234751607,241.651818585622,
2020-07-10,9285.22101542957,241.033700116891,
2020-07-11,9237.17100818235,239.307040619521,
2020-07-12,9289.09797691408,241.309591174752,
2020-07-13,9236.62250116891,239.326373816482,
2020-07-14,9260.3569868498,240.638817942724,
2020-07-15,9196.72555897136,238.38143962595,
2020-07-16,9132.59231209818,233.549674108708,
2020-07-17,9156.46870976037,232.845427235535,
2020-07-18,9175.90530859147,235.909914962011,
2020-07-19,9218.84231081239,239.358145821157,
2020-07-20,9167.19056750439,236.361256282876,
2020-07-21,9388.57434979544,245.250595441262,
2020-07-22,9531.2574301578,264.199169491525,
2020-07-23,9609.16671537113,275.223812536528,
2020-07-24,9548.1007270602,279.907534424313,
2020-07-25,9702.45279047341,305.402152542373,
2020-07-26,9933.90655423729,311.039973524255,
2020-07-27,11046.5083295149,323.233886908241,
2020-07-28,10944.6129789012,318.015537200468,
2020-07-29,11115.7712819988,318.025945938048,
2020-07-30,11135.3907261835,335.964082875511,
2020-07-31,11338.1973407949,346.179992285213,
2020-08-01,11797.5821265342,387.185885447107,
2020-08-02,11094.0206841321,372.180671654004,
2020-08-03,11236.0956805377,385.487812390415,
2020-08-04,11202.651909059,390.662864699006,
2020-08-05,11721.4384715956,400.601196084161,
2020-08-06,11769.3091081239,393.995932495617,
2020-08-07,11598.9690585038,380.330053886616,
2020-08-08,11743.0086350088,392.360176504968,
2020-08-09,11680.5173661601,389.183157393337,
2020-08-10,11870.3695447107,395.407852425482,
2020-08-11,11392.6440884278,379.111338983051,
2020-08-12,11575.5124736996,387.208174751607,
2020-08-13,11773.4481155465,424.799460081823,
2020-08-14,11774.4082518995,438.076865575687,
2020-08-15,11866.9103613092,432.609198421976,
2020-08-16,11899.6427535944,432.939172822911,
2020-08-17,12315.7624166569,432.841464172998,
2020-08-18,11992.6959962595,423.346332086499,
2020-08-19,11736.8490645237,406.879427819988,
2020-08-20,11867.5203439509,416.25978755114,
2020-08-21,11524.6989491525,387.2406050263,
2020-08-22,11682.2891503799,395.912521332554,
2020-08-23,11665.6092735243,391.947607364115,
2020-08-24,11771.4080537405,408.792199473992,
2020-08-25,11358.4543202805,383.604969725307,
2020-08-26,11472.0491204559,386.34381735827,
2020-08-27,11314.6737410286,382.349150496785,
2020-08-28,11527.8830322326,395.03972980713,
2020-08-29,11490.7623477499,400.368165575687,
2020-08-30,11698.9758329632,428.196437931035,
2020-08-31,11678.3482268849,436.09076943308,
2020-09-01,11970.364856166,480.749175862069,
2020-09-02,11414.5209336645,441.214134132087,
2020-09-03,10261.4944095266,383.542584979544,
2020-09-04,10471.9664133255,386.66907597896,
2020-09-05,10128.64358609,331.420088544711,
2020-09-06,10253.2998980129,353.227129573349,
2020-09-07,10367.8783543542,352.806469023963,
2020-09-08,10108.6354501461,336.716558094682,
2020-09-09,10223.1114091175,352.053948568089,
2020-09-10,10334.6307302162,367.380867621274,
2020-09-11,10387.0207419638,373.966615780245,
2020-09-12,10436.9778322618,386.216055055523,
2020-09-13,10322.5236148451,365.641607831677,
2020-09-14,10662.719912332,375.801003682057,
2020-09-15,10779.3810249562,363.936595733489,
2020-09-16,10968.3205465809,365.322076212741,
2020-09-17,10936.2927505552,389.446111046172,
2020-09-18,10920.1128439509,382.261676271186,
2020-09-19,11073.7795478083,385.246569666861,
2020-09-20,10921.2180998247,371.207025715956,
2020-09-21,10455.3799623027,342.456390473407,
2020-09-22,10519.8391641146,343.503662536528,
2020-09-23,10233.2995687317,320.588590882525,
2020-09-24,10739.0427094097,349.144016014027,
2020-09-25,10683.6305806546,351.713962361192,
2020-09-26,10742.0304202221,354.601045762712,
2020-09-27,10758.8242899474,356.121992752776,
2020-09-28,10727.3750541204,355.45993395675,
2020-09-29,10841.1427444769,359.701439801286,
2020-09-30,10772.351766803,359.976752483928,
2020-10-01,10606.6173325541,352.360856049094,
2020-10-02,10570.1056777908,345.801279485681,
2020-10-03,10555.7054339567,346.652968907072,
2020-10-04,10665.618622443,352.339400233781,
2020-10-05,10772.6355995909,353.191780187025,
2020-10-06,10596.3735493863,340.10351987142,
2020-10-07,10667.1943941555,341.159963997662,
2020-10-08,10902.5293637054,350.527496376388,
2020-10-09,11074.1036797779,366.247890999416,
2020-10-10,11302.8542864407,371.282805143191,
2020-10-11,11378.2625284629,374.145406195207,
2020-10-12,11548.401556692,387.670968731736,
2020-10-13,11434.9687849211,381.544274576271,
2020-10-14,11417.10811391,378.828993045003,
2020-10-15,11502.5812390415,377.502910286382,
2020-10-16,11338.9871765634,366.299949853887,
2020-10-17,11362.8022174167,368.318269374635,
2020-10-18,11489.6225650497,377.921652425482,
2020-10-19,11745.8119675628,379.463028462887,
2020-10-20,11929.4572507306,368.843862653419,
2020-10-21,12848.4906177674,392.473164231444,
2020-10-22,12997.4993417884,414.43640578609,
2020-10-23,12953.4296969608,409.339998597312,
2020-10-24,13113.8669231444,412.26885710111,
2020-10-25,13041.6410374635,406.742800642899,
2020-10-26,13080.6561698422,394.010756575102,
2020-10-27,13675.5239275278,404.045446814728,
2020-10-28,13290.3288497954,388.90336364699,
2020-10-29,13475.2173007013,386.788421098773,
2020-10-30,13603.2960908825,383.596369959088,
2020-10-31,13807.2336110462,386.585236119229,
2020-11-01,13736.89941128,395.57778264173,
2020-11-02,13595.5647603741,383.848317066043,
2020-11-03,13996.915398597312,388.54819970777316,
2020-11-04,14129.148195499705,401.79561385154875,
2020-11-05,15606.46683372297,416.99735464640565,
2020-11-06,15618.972471361778,456.4478808883693,
2020-11-07,14866.356304500296,436.77211285797785,
2020-11-08,15500.000707188785,455.37572986557575,
2020-11-09,15319.819972530682,444.5479997077731,
2020-11-10,15319.275676212741,451.5016406195208,
2020-11-11,15731.241105786092,464.2159424897722,
2020-11-12,16289.814897720635,462.86649982466395,
2020-11-13,16330.06276797195,476.57134097019286,
2020-11-14,16102.010016949156,462.5514587960258,
2020-11-15,15986.7549905903,449.3456436002338,
2020-11-16,16743.05393980129,462.2547316189363,
2020-11-17,17682.16918702513,482.69500502630035,
2020-11-18,17804.690023962594,479.4918066627703,
2020-11-19,17818.668662185857,471.1500233781415,
2020-11-20,18663.78185312683,509.56297720631215,
2020-11-21,18706.58933541788,547.3534804208066,
2020-11-22,18482.692631735823,565.1310609000584,
2020-11-23,18373.257759789598,607.2141186440678,
2020-11-24,19150.251048509646,604.573530742256,
2020-11-25,18748.393713033314,568.2473562828757,
2020-11-26,17113.716871420223,518.3973562244302,
2020-11-27,17101.603018059614,517.041817182934,
2020-11-28,17745.377312448858,540.829210052601,
2020-11-29,18190.866880420806,574.8735552308593,
2020-11-30,19664.407606662764,613.469492402104,
2020-12-01,18820.60778959673,588.2515552308593,
2020-12-02,19214.872229047338,598.9264098188193,
2020-12-03,19470.31120806546,617.5542700175337,
2020-12-04,18732.967090999413,572.1771762711863,
2020-12-05,19114.633130917588,594.9156954997078,
2020-12-06,19356.313676797196,602.2467767387493,
2020-12-07,19182.176832846293,591.8200952659263,
2020-12-08,18340.97813769725,554.318545295149,
2020-12-09,18574.69673524255,574.2140723553478,
2020-12-10,18294.84695149036,560.4503168907073,
2020-12-11,18061.760025716,545.483657510228,
2020-12-12,18813.2837685564,568.545423261251,
2020-12-13,19156.0825055523,590.522730625365,
2020-12-14,19286.7512992402,586.470181297487,
2020-12-15,19432.5884640561,589.000816832262,
2020-12-16,21370.7203186441,636.205011104617,
2020-12-17,22789.2674160725,642.788150204559,
2020-12-18,23048.7645610754,652.01013056692,
2020-12-19,23856.7735192285,659.714045002922,
2020-12-20,23528.5506135593,638.561923436587,
2020-12-21,22937.4183435418,612.546497369959,
2020-12-22,23756.8887685564,634.17585622443,
2020-12-23,23307.2709018118,588.508848042081,
2020-12-24,23707.6330440678,611.893571595558,
2020-12-25,24669.1643220339,625.840292518995,
2020-12-26,26478.0681052016,635.806854120397,
2020-12-27,26430.8565971946,688.480685447107,
2020-12-28,27039.3490199883,730.518296902396,
2020-12-29,27231.2034552893,731.936295733489,
2020-12-30,28844.6136781999,751.208063705435,
2020-12-31,29022.6714126242,739.025849853887,
2021-01-01,29380.6937327878,730.91432063121,
2021-01-02,32022.6810578609,775.296622443016,
2021-01-03,33277.8353050848,990.365324956166,
2021-01-04,31802.1467136178,1030.31844886032,
2021-01-05,34013.1741724138,1101.55981414378,
2021-01-06,36643.2777223846,1199.35239976622,
2021-01-07,39215.6511490356,1220.21421332554,
2021-01-08,40775.4045634132,1219.88072121566,
2021-01-09,40370.6823495032,1286.97022314436,
2021-01-10,38329.3401665693,1265.43626750438,
2021-01-11,35269.5137177089,1082.905685564,
2021-01-12,33712.4685452952,1038.8394176505,
2021-01-13,37296.5475277615,1127.92676271186,
2021-01-14,39045.518340152,1212.61922150789,
2021-01-15,36710.3174248977,1167.64685096435,
2021-01-16,36177.2610970193,1231.50994839275,
2021-01-17,36069.939466803,1242.04924137931,
2021-01-18,36594.2964018118,1252.15644476914,
2021-01-19,36250.1461893629,1386.08540385739,
2021-01-20,35515.480012858,1367.82303974284,
2021-01-21,31022.9510280538,1132.69443191116,
2021-01-22,32986.4357568673,1235.37204792519,
2021-01-23,32036.2822723553,1232.76174810053,
2021-01-24,32216.1042904734,1387.23029631794,
2021-01-25,32419.7059462303,1325.60759380479,
2021-01-26,32640.6391426067,1361.84900292227,
2021-01-27,30358.9347235535,1245.93815055523,
2021-01-28,33511.287595149,1341.7747030976,
2021-01-29,34166.1494259497,1383.40889538282,
2021-01-30,34349.9170952659,1379.86854237288,
2021-01-31,33157.8325745178,1317.346364173,
2021-02-01,33570.2718468732,1369.95499357101,
2021-02-02,35596.1489094097,1524.16825189947,
2021-02-03,37578.3732068966,1659.52005435418,
2021-02-04,37129.2029376972,1608.39752355348,
2021-02-05,38045.4136084161,1720.47846616014,
2021-02-06,39341.727081239,1683.70779380479,
2021-02-07,39003.0121817651,1616.04266183518,
2021-02-08,46121.9340724722,1743.54479135009,
2021-02-09,46548.1619912332,1770.83282057276,
2021-02-10,45078.128350263,1748.21180596143,
2021-02-11,47892.8409181765,1785.58308942139,
2021-02-12,47525.2091431911,1846.45420058445,
2021-02-13,47208.6250270602,1819.41280268849,
2021-02-14,48829.8275096435,1811.5666792519,
2021-02-15,48110.2417334892,1787.53062191701,
2021-02-16,49140.3826578024,1780.61989596727,
2021-02-17,52224.9391139684,1845.23994155465,
2021-02-18,51650.0699485681,1932.41152659264,
2021-02-19,55820.5044038574,1961.02429018118,
2021-02-20,55861.8205670953,1912.80253489188,
2021-02-21,57500.7161102864,1933.88384745763,
2021-02-22,53952.1533386324,1771.20859848042,
2021-02-23,48560.4890350672,1563.04562419638,
2021-02-24,49567.3456890707,1616.56383693746,
2021-02-25,47568.131170076,1491.46385715956,
2021-02-26,46231.7675784921,1442.30312273524,
2021-02-27,45834.5133611923,1454.03216890707,
2021-02-28,45359.4641642314,1425.38586674459,
2021-03-01,49634.4471092928,1563.23598036236,
2021-03-02,48304.7054879018,1489.87889421391,
2021-03-03,50690.4671835184,1584.06700526008,
2021-03-04,48472.7954751607,1538.02277644652,
2021-03-05,48800.8173594389,1530.84029181765,
2021-03-06,48970.5244868498,1659.83834599649,
2021-03-07,51086.4681794272,1719.16063705435,
2021-03-08,52088.475131502,1826.12504734074,
2021-03-09,54739.1352542373,1862.02863687902,
2021-03-10,56116.040912332,1803.4244905903,
2021-03-11,57847.2549357101,1827.71346113384,
2021-03-12,57334.641534775,1768.50364453536,
2021-03-13,61288.7941276447,1927.20756627703,
2021-03-14,59905.6184704851,1874.14906195208,
2021-03-15,56121.121924021,1796.90510976037,
2021-03-16,56500.4460257159,1796.95172822911,
2021-03-17,58683.0659824664,1818.86739976622,
2021-03-18,57731.4798410871,1781.64520666277,
2021-03-19,58168.1219222677,1810.37383459965,
2021-03-20,58247.8847066043,1812.74496884863,
2021-03-21,57447.9330198714,1784.72563880771,
2021-03-22,54453.1373508475,1689.11376779661,
2021-03-23,54563.6119458211,1671.75213500877,
2021-03-24,52595.4113237873,1586.88241320865,
2021-03-25,51547.1248953828,1588.93212396259,
2021-03-26,54817.8571122151,1695.66907773232,
2021-03-27,56019.8373055523,1718.1190917592,
2021-03-28,55713.0381396844,1685.16250900058,
2021-03-29,57571.2333477498,1811.1432226768,
2021-03-30,58684.5483921683,1840.87399678551,
2021-03-31,58792.1948275862,1916.88001928697,
2021-04-01,58818.9770985973,1971.24078258329,
2021-04-02,59031.5340192285,2134.06883985973,
2021-04-03,57282.3896247808,2025.14887843366,
2021-04-04,58202.199391993,2077.39558153127,
2021-04-05,58755.8525295149,2099.52728872005,
2021-04-06,58084.0664231444,2116.90126201052,
2021-04-07,56266.8346762127,1985.39789129164,
2021-04-08,57963.3445994155,2078.55003594389,
2021-04-09,58051.7625563998,2066.05360420807,
2021-04-10,59651.5589877265,2130.18779029807,
2021-04-11,59932.9306469901,2144.37211630625,
2021-04-12,59905.9363744594,2142.82890011689,
2021-04-13,63445.638314436,2297.89169135009,
2021-04-14,62869.4955873758,2430.29892869667,
2021-04-15,63231.162987142,2519.58225540619,
2021-04-16,61571.1100905903,2428.35284687317,
2021-04-17,60280.8761758036,2342.16061426067,
2021-04-18,56389.5579812975,2243.48254529515,
2021-04-19,55798.1370771479,2168.6250818235,
2021-04-20,56474.3737586207,2328.50510870836,
2021-04-21,54025.7995745178,2363.99523424898,
2021-04-22,51882.0598106371,2419.70522676797,
2021-04-23,50954.9100607832,2357.12506639392,
2021-04-24,50279.9484464056,2236.58652717709,
2021-04-25,48946.9407428404,2300.55654880187,
2021-04-26,53943.3499783752,2526.05887901812,
2021-04-27,55027.0309848042,2646.34933898305,
2021-04-28,54787.3787071888,2740.23064289889,
2021-04-29,53567.0811938048,2760.50726008182,
2021-04-30,57741.44441654,2770.29005821157,
2021-05-01,57863.5903927528,2949.31864056107,
2021-05-02,56572.5968410286,2952.47679661017,
2021-05-03,57243.0416054939,3430.64827410871,
2021-05-04,53724.10892519,3274.89152846289,
2021-05-05,57342.0256616014,3525.92409964933,
2021-05-06,56527.3529789597,3500.54310403273,
2021-05-07,57341.0684549386,3482.63239333723,
2021-05-08,58736.1258950906,3886.76699649328,
2021-05-09,58288.4256303916,3916.08141320865,
2021-05-10,55902.9277399182,3954.28315780245,
2021-05-11,56612.1026487434,4155.77199766219,
2021-05-12,50972.355081239,3975.50227118644,
2021-05-13,49368.6144739918,3687.15909000585,
2021-05-14,49997.3959011105,4086.70976446523,
2021-05-15,47047.9633331385,3672.60174400935,
2021-05-16,46022.5037090006,3565.84300116891,
2021-05-17,43492.3954833431,3280.03027819988,
2021-05-18,42789.8093921683,3368.23962887201,
2021-05-19,37642.5200017534,2535.73623553478,
2021-05-20,40799.4021475745,2777.92518293396,
2021-05-21,37174.3311014027,2413.98438398597,
2021-05-22,37643.4197983635,2320.84220163647,
2021-05-23,34774.207221917,2105.59847983635,
2021-05-24,38630.4091186441,2626.16846405611,
2021-05-25,38269.7710747516,2696.5863798948,
2021-05-26,39194.8588980129,2868.71953185272,
2021-05-27,38510.8570417884,2743.10334950321,
2021-05-28,35596.7179510228,2415.30300233781,
2021-05-29,34681.8183670368,2288.85813150205,
2021-05-30,35652.1687703098,2391.71209117475,
2021-05-31,37312.9748970193,2699.21445762712,
2021-06-01,36661.3781184687,2626.20154821742,
2021-06-02,37639.4556732905,2713.1598679135,
2021-06-03,39160.1504132086,2858.60099824664,
2021-06-04,36884.3735551724,2689.27742548217,
2021-06-05,35409.5672366452,2604.97053763881,
2021-06-06,35720.6043546464,2706.09854120397,
2021-06-07,33724.9077517826,2600.15911221508,
2021-06-08,33475.0489234366,2519.05763530099,
2021-06-09,37372.9888953828,2605.63110461718,
2021-06-10,36826.0022185856,2481.38075686733,
2021-06-11,37185.3931268264,2345.03141963764,
2021-06-12,35669.1712817066,2380.84033372297,
2021-06-13,38925.4194289889,2504.64639216832,
2021-06-14,40455.5959833431,2577.04473863238,
2021-06-15,40254.6514679135,2552.74103641146,
2021-06-16,38265.5437726476,2360.99938690824,
2021-06-17,38018.6432346581,2368.38859555815,
2021-06-18,35714.3120787259,2224.57531969608,
2021-06-19,35555.9763966686,2174.75470251315,
2021-06-20,35599.9418784337,2242.66345575687,
2021-06-21,31715.1598624196,1900.39307790766,
2021-06-22,32394.5555949737,1867.62379953244,
2021-06-23,33610.4968129749,1962.11004383402,
2021-06-24,34658.972875979,1986.66540841613,
2021-06-25,31683.5032004676,1817.84698246639,
2021-06-26,31890.6764465225,1801.97627527762,
2021-06-27,34506.4911975453,1964.52191887785,
2021-06-28,34376.188538983,2079.27833594389,
2021-06-29,35933.7782178843,2169.99023261251,
2021-06-30,35065.4661533606,2272.2690578609,
2021-07-01,33505.0804935126,2114.55608357686,
2021-07-02,33782.9459464641,2149.99972472238,
2021-07-03,34588.2242916423,2215.90323232028,
2021-07-04,35355.6078883694,2325.91749795441,
2021-07-05,33911.7538404442,2218.63208416131,
2021-07-06,34123.9815680888,2318.10661835184,
2021-07-07,33931.6186382233,2317.0795447107,
2021-07-08,32819.6595312098,2118.9243308007,
2021-07-09,33914.8810742256,2153.77373816482,
2021-07-10,33610.9458386908,2117.0639672706,
2021-07-11,34258.4413898305,2140.19288661601,
2021-07-12,33135.2359117475,2033.03133489188,
2021-07-13,32641.9759610169,1939.6402729398,
2021-07-14,32798.2845189947,1992.4420251315,
2021-07-15,31707.6900368206,1912.8743012858,
2021-07-16,31455.7175818819,1878.1075873758,
2021-07-17,31547.9511990064,1896.9661233197,
2021-07-18,31707.7038527177,1892.68808708358,
2021-07-19,30883.4697462303,1822.20903623612,
2021-07-20,29766.6577182934,1785.33395441262,
2021-07-21,32119.6572258328,1985.49203565167,
2021-07-22,32306.9614285798,2020.92230333139,
2021-07-23,33439.5957028638,2112.71626434833,
2021-07-24,34166.914654588,2179.33793220339,
2021-07-25,35119.9374360023,2187.44493687902,
2021-07-26,37444.7825102279,2241.15922676797,
2021-07-27,39126.5402881356,2286.22890005845,
2021-07-28,39939.1940432495,2297.03134436002,
2021-07-29,40086.1643950906,2384.45420572764,
2021-07-30,41789.6670981882,2451.30431092928,
2021-07-31,41793.3137481005,2544.37537592051,
2021-08-01,39968.9689544126,2563.73753068381,
2021-08-02,39304.1862835769,2619.04099941555,
2021-08-03,38288.8253975453,2512.91529164231,
2021-08-04,39773.9113489188,2727.93425365284,
2021-08-05,40941.650434249,2825.53530894214,
2021-08-06,42790.3573284629,2888.0342554062,
2021-08-07,44484.9005862069,3143.38030099357,
2021-08-08,43972.3010181181,3027.3480818235,
2021-08-09,46265.6424564582,3158.26921624781,
2021-08-10,45488.7912624196,3141.72382559907,
2021-08-11,45676.3263611923,3168.56298947984,
2021-08-12,44405.7483483343,3038.06152659264,
2021-08-13,47717.4853559322,3316.4789421391,
2021-08-14,47124.2050736411,3268.96369590883,
2021-08-15,47074.370710111,3310.72739333723,
2021-08-16,45984.7199070719,3157.77383635301,
2021-08-17,44714.0967982466,3020.57140093513,
2021-08-18,44954.3637469316,3041.32005961426,
2021-08-19,46646.8615049679,3173.97182279369,
2021-08-20,49240.8356049094,3278.21872413793,
2021-08-21,49070.2409701929,3234.70727819988,
2021-08-22,49363.3160952659,3245.89347866745,
2021-08-23,49590.8763676213,3322.63785096435,
2021-08-24,47925.8622127411,3183.60909175921,
2021-08-25,49002.3166049094,3228.70326125073,
2021-08-26,47190.3449929866,3120.59653535944,
2021-08-27,49048.4755891292,3270.01309877265,
2021-08-28,48852.4687995324,3242.67174956166,
2021-08-29,48948.3479579193,3230.91460140269,
2021-08-30,47125.7685189947,3238.36036382233,
2021-08-31,47219.2443424898,3431.94775306838,
2021-09-01,48688.5375572764,3793.82968188194,
2021-09-02,49369.5862746932,3791.89593600234,
2021-09-03,49860.5341635301,3918.58263822326,
2021-09-04,49919.577563647,3886.23001350088,
2021-09-05,51747.6438565167,3954.61792343659,
2021-09-06,52640.5883740503,3928.83401098773,
2021-09-07,46854.4006028638,3432.84963062537,
2021-09-08,46187.9757306254,3507.77644915254,
2021-09-09,46448.7748290473,3432.86342255991,
2021-09-10,44765.2755762712,3204.17646580947,
2021-09-11,45098.5916447691,3259.20964196376,
2021-09-12,46180.6124563998,3417.71937288136,
2021-09-13,44991.5221277031,3289.54985417884,
2021-09-14,47022.6177597896,3419.67508416131,
2021-09-15,48167.1893676213,3591.05804003507,
2021-09-16,47797.3283237873,3567.72092518995,
2021-09-17,47213.7941294565,3396.52101694915,
2021-09-18,48204.0136519579,3425.02434453536,
2021-09-19,47218.4739964933,3319.99040093513,
2021-09-20,42855.5103448276,2965.36816510812,
2021-09-21,40526.4893760958,2745.84817299825,
2021-09-22,43577.5724821742,3063.72133167738,
2021-09-23,44861.2980329047,3147.4950742256,
2021-09-24,42803.307701052,2932.5593233197,
2021-09-25,42735.2658240795,2932.4982798948,
2021-09-26,43131.2941773816,3048.59561689071,
2021-09-27,42496.7852250146,2952.49630537697,
2021-09-28,41223.7862743425,2815.59470835769,
2021-09-29,41453.9470131502,2843.27176943308,
2021-09-30,43781.546015488,3001.52751344243,
2021-10-01,48078.1315543542,3299.44177030976,
2021-10-02,47792.4391943308,3393.85702828755,
2021-10-03,48202.6229177089,3420.43901578025,
2021-10-04,49288.5013106371,3391.62332057276,
2021-10-05,51558.0493319112,3520.41445382817,
2021-10-06,55419.800411163,3588.43408123904,
2021-10-07,53805.1569125658,3589.30707393337,
2021-10-08,53933.5275908825,3561.09410490941,
2021-10-09,55010.9224751607,3579.87203652835,
2021-10-10,54701.2797022209,3432.00171537113,
2021-10-11,57289.1864570426,3519.56701022794,
2021-10-12,56196.1812597896,3491.26025043834,
2021-10-13,57348.8928769725,3597.56289830509,
2021-10-14,57384.0369146698,3786.54223734658,
2021-10-15,61446.0840073057,3861.71246171829,
2021-10-16,60932.0632119228,3836.76805020456,
2021-10-17,61462.2223722969,3836.39770426651,
2021-10-18,61977.0575514319,3746.06606575102,
2021-10-19,64290.8977574518,3875.04413851549,
2021-10-20,66061.7965639977,4153.38661163063,
2021-10-21,62373.8856206897,4065.16743161894,
2021-10-22,60750.9673718293,3975.54315663355,
2021-10-23,61250.082628872,4159.57953886616,
2021-10-24,60865.4470523086,4076.59357364115,
2021-10-25,63031.6729015196,4214.41058854471,
2021-10-26,60393.9802738165,4130.63251782583,
2021-10-27,58563.3359899766,3947.62192840444,
2021-10-28,60564.5721122151,4278.7702685564,
2021-10-29,62230.8055689655,4413.18682086499,
2021-10-30,61742.9165321449,4311.34383021625,
2021-10-31,61432.9700628287,4293.96550701344,
2021-11-01,61092.0950592051,4325.78806049094,
2021-11-02,63024.7472296902,4586.37950379895,
2021-11-03,62955.9817630041,4598.85212857978,
2021-11-04,61393.8899780246,4535.60184395091,
2021-11-05,61005.840833723,4476.89731385155,
2021-11-06,61455.0536268849,4511.6425622443,
2021-11-07,63043.8290590298,4609.29109146698,
2021-11-08,67541.7555081824,4811.1564628872,
2021-11-09,67095.5856706605,4735.69674663939,
2021-11-10,64756.0779689071,4619.95512857978,
2021-11-11,64962.9312939801,4727.74631618936,
2021-11-12,64078.968037405,4662.76119988311,
2021-11-13,64397.7912063121,4644.9424868498,
2021-11-14,65032.2256548217,4609.51656691993,
2021-11-15,63753.5031592636,4569.40776972531,
2021-11-16,60322.4978530099,4234.13146493279,
2021-11-17,60154.3083661601,4265.59900555231,
2021-11-18,56794.1556271186,3985.67437317358,
2021-11-19,58014.0729888954,4291.28635008767,
2021-11-20,59749.4738229106,4413.14425073057,
2021-11-21,59032.6241017534,4310.08043366452,
2021-11-22,56383.5658760958,4096.77240122735,
2021-11-23,57642.2657980713,4348.15622793688,
2021-11-24,57141.8303784337,4261.96911367621,
2021-11-25,59008.6554792519,4526.04295119813,
2021-11-26,53800.6178389831,4052.00856838106,
2021-11-27,54635.8824628872,4086.92330187025,
2021-11-28,57248.5696963764,4291.07917124489,
2021-11-29,57920.7107299825,4448.40999064874,
2021-11-30,57097.0127942724,4645.05362711864,
2021-12-01,57180.6098439509,4584.53445119813,
2021-12-02,56582.8937691408,4527.54475686733,
2021-12-03,53671.6160680888,4232.93315078901,
2021-12-04,49159.7357983635,4097.76126125073,
2021-12-05,49327.0935999416,4190.58069286967,
2021-12-06,50535.4252232612,4341.94102104033,
2021-12-07,50574.4728344828,4303.76265166569,
2021-12-08,50500.6543513735,4427.31263383986,
2021-12-09,47937.8228458212,4157.28748042081,
2021-12-10,47437.2289725307,3931.61310549386,
2021-12-11,49321.7693252484,4079.58498480421,
2021-12-12,50136.5722568673,4140.98769053185,
2021-12-13,46785.3278410286,3788.08233664524,
2021-12-14,48292.6822501461,3850.76330829924,
2021-12-15,48830.6223860316,4015.64231209819,
2021-12-16,47663.4691077148,3973.45109526593,
2021-12-17,46334.4837489772,3885.43008158971,
2021-12-18,46904.8736753361,3965.87124079486,
2021-12-19,46876.426924021,3937.56586236119,
2021-12-20,46954.7634783168,3939.67427615429,
2021-12-21,49082.0624666277,4028.99787901812,
2021-12-22,48692.0987391584,3984.71278784337,
2021-12-23,50712.9707682642,4101.84956078317,
2021-12-24,50783.8344210988,4045.16450350672,
2021-12-25,50590.4508976622,4099.92122180012,
2021-12-26,50798.3065859147,4070.35206282876,
2021-12-27,50796.3776735827,4044.38847749854,
2021-12-28,47673.0440452367,3806.11023553477,
2021-12-29,46470.3215751023,3638.66337872589,
2021-12-30,47102.4630037989,3708.0373351841,
2021-12-31,46355.1173302747,3686.9517918761,
2022-01-01,47560.0093816482,3761.05964026885,
2022-01-02,47352.5577565751,3832.36560987726,
2022-01-03,46453.432351841,3765.44034950322,
2022-01-04,45905.9611221508,3796.64046078317,
2022-01-05,43530.9440388662,3545.75825844535,
2022-01-06,43144.9652928112,3413.23750263004,
2022-01-07,41512.7845808299,3190.12681209819,
2022-01-08,41799.8128848627,3092.88001665693,
2022-01-09,41886.4985569842,3154.84015575687,
2022-01-10,41816.9510561075,3079.86577586207,
2022-01-11,42768.1786116306,3241.95426534191,
2022-01-12,43961.0265441262,3372.8478100526,
2022-01-13,42626.8653924605,3253.07153477499,
2022-01-14,43102.6476180596,3308.71572647575,
2022-01-15,43206.6744812975,3334.44671624781,
2022-01-16,43168.8596671537,3356.33249970777,
2022-01-17,42211.270399474,3211.12031502046,
2022-01-18,42431.2319670368,3165.79673085915,
2022-01-19,41787.722012858,3105.41949795441,
2022-01-20,40756.1261630625,3011.87563880772,
2022-01-21,36492.2872241379,2565.0556484512,
2022-01-22,34996.390965225,2400.82875043834,
2022-01-23,36271.0502650497,2533.49403682057,
2022-01-24,36659.7252206312,2439.12303068381,
2022-01-25,36952.586773232,2458.38200011689,
2022-01-26,36825.8245993571,2467.10777206312,
2022-01-27,37021.9371332554,2412.6244704851,
2022-01-28,37768.8474836353,2545.54989713618,
2022-01-29,38088.2912279953,2593.19728784337,
2022-01-30,37983.5063845704,2610.55529894798,
2022-01-31,38462.6724029807,2686.26782933957,
2022-02-01,38787.9640824079,2795.5781528346,
2022-02-02,36942.3307493279,2686.64838047925,
2022-02-03,37057.6521879018,2670.65337931034,
2022-02-04,41079.9060881356,2969.93218322618,
2022-02-05,41508.5816925774,3017.60991642314,
2022-02-06,42358.2251732905,3049.37219111631,
2022-02-07,43888.980119813,3145.37367592051,
2022-02-08,44167.4447945646,3126.63435172414,
2022-02-09,44405.0732042665,3241.72396054939,
2022-02-10,43614.3426960842,3080.56548188194,
2022-02-11,42357.3217416715,2924.08046814728,
2022-02-12,42173.4593962595,2910.83617533606,
2022-02-13,42195.5947451782,2880.69652571596,
2022-02-14,42646.1618590883,2936.29826037405,
2022-02-15,44511.9084880187,3175.2582150789,
2022-02-16,44065.7092673875,3140.52647866745,
2022-02-17,40610.024261543,2887.98329310345,
2022-02-18,40044.2204856809,2784.71829456458,
2022-02-19,40095.887329398,2757.59524547049,
2022-02-20,38551.6224967855,2636.38894248977,
2022-02-21,37098.0360081824,2578.87216978375,
2022-02-22,38202.5940818235,2636.22923874927,
2022-02-23,37308.2687344243,2591.79215108124,
2022-02-24,38283.790402104,2594.05176271187,
2022-02-25,39323.7702158387,2788.59007977791,
2022-02-26,39056.5781523086,2777.68419199299,
2022-02-27,37664.7792828755,2614.48211922852,
2022-02-28,43179.2545140269,2914.46506487434,
2022-03-01,44334.457582408,2969.53468030392,
2022-03-02,43984.584926768,2954.65685739334,
2022-03-03,42492.7744552893,2836.95393191116,
2022-03-04,39106.4052159556,2617.82250379895,
2022-03-05,39383.8848433665,2662.88603331385,
2022-03-06,38399.3426268264,2557.90416393922,
2022-03-07,38146.734273232,2501.00067124489,
2022-03-08,38725.477261543,2577.76486323787,
2022-03-09,41989.4028179427,2726.9712761543,
2022-03-10,39482.2584672706,2611.41140765634,
2022-03-11,38825.3644214494,2562.6069748685,
2022-03-12,38951.1300157802,2578.18213267095,
2022-03-13,37808.3174004091,2516.49195207481,
2022-03-14,39649.0453243717,2589.37761689071,
2022-03-15,39356.8139000584,2621.23701899474,
2022-03-16,41101.768579135,2768.91552717709,
2022-03-17,40966.4169324956,2816.07112390415,
2022-03-18,41826.1160710111,2945.90649006429,
2022-03-19,42193.1615362361,2948.82827971946,
2022-03-20,41294.7235129164,2861.81527405026,
2022-03-21,41064.429648159,2898.31257539451,
2022-03-22,42383.169518761,2976.63482524839,
2022-03-23,42734.2000355932,3021.12716715371,
2022-03-24,43974.5935882525,3110.07358153127,
2022-03-25,44347.034279661,3104.45554324956,
2022-03-26,44519.9268641145,3145.64074167154,
2022-03-27,46777.2056265342,3288.73951139684,
2022-03-28,47223.6528860316,3346.48037200468,
2022-03-29,47463.7096770894,3398.67210052601,
2022-03-30,47123.2971478667,3389.04939859731,
2022-03-31,45562.2106665693,3281.78751081239,
2022-04-01,46250.3362878434,3446.51983682057,
2022-04-02,45939.8973489188,3451.96555774401,
2022-04-03,46440.5438538866,3521.53255113968,
2022-04-04,46663.0041770894,3525.40589713618,
2022-04-05,45693.0350619521,3425.35487270602,
2022-04-06,43304.9371990064,3183.70336908241,
2022-04-07,43569.0471697837,3238.18884687317,
2022-04-08,42222.0689772063,3185.76596639392,
2022-04-09,42680.9947355932,3257.96308474576,
2022-04-10,42264.4633909994,3218.1317761543,
2022-04-11,39544.0251835184,2985.2986779661,
2022-04-12,40096.3669748685,3027.95501139684,
2022-04-13,41152.7554517826,3118.53925920514,
2022-04-14,39916.4963842782,3019.78703097604,
2022-04-15,40527.3319567504,3039.32726592636,
2022-04-16,40439.5881209819,3065.65542343659,
2022-04-17,39704.7839798364,2996.52688457043,
2022-04-18,40818.8786025716,3058.24911367621,
2022-04-19,41489.6638011689,3104.38072004676,
2022-04-20,41395.64458346,3078.53693571011,
2022-04-21,40457.4959418469,2984.30083985973,
2022-04-22,39737.9735040912,2963.93688515488,
2022-04-23,39582.4548720047,2941.41439567504,
2022-04-24,39511.6456928697,2924.17223728813,
2022-04-25,40473.7483176505,3012.2152773232,
2022-04-26,38072.800873758,2801.38247457627,
2022-04-27,39218.5376174752,2886.84557685564,
2022-04-28,39747.9894270018,2934.09959088252,
2022-04-29,38609.5059070719,2815.62725832846,
2022-04-30,37714.0949804208,2729.73245441262,
2022-05-01,38459.226979135,2829.09136440678,
2022-05-02,38566.0628877849,2861.52780946815,
2022-05-03,37704.4053153127,2780.92367007598,
2022-05-04,39641.852176505,2936.76534658095,
2022-05-05,36502.0245601403,2746.63528112215,
2022-05-06,36042.9995584453,2697.48142811221,
2022-05-07,35508.7110227937,2636.53088603156,
2022-05-08,34058.9066861484,2519.63678281707,
2022-05-09,30457.9218194039,2257.95058188194,
2022-05-10,30990.7351659848,2342.92739614261,
2022-05-11,28796.5568217417,2068.27522092344,
2022-05-12,29030.7070417884,1958.4534585038,
2022-05-13,29285.9346718293,2016.05178404442,
2022-05-14,30051.935755114,2053.09169362946,
2022-05-15,31182.6212460549,2138.96401139684,
2022-05-16,29889.6124757452,2022.61946464056,
2022-05-17,30438.1944476914,2092.88074547048,
2022-05-18,28771.2204786675,1921.00792752776,
2022-05-19,30257.8852483928,2016.37226154296,
2022-05-20,29224.245998422,1962.03072969024,
2022-05-21,29420.0782857978,1973.77449105786,
2022-05-22,30331.87514173,2044.56454897721,
2022-05-23,29088.2515419638,1970.62047516072,
2022-05-24,29643.6837556984,1977.80444576271,
2022-05-25,29577.259880187,1944.32836265342,
2022-05-26,29332.4860467563,1807.68160239626,
2022-05-27,28612.0413103448,1721.27814289889,
2022-05-28,29045.5206344243,1793.65815663355,
2022-05-29,29430.0689800117,1811.05755844535,
2022-05-30,31735.9549719462,1996.49929953244,
2022-05-31,31831.4095251315,1947.31703623612,
2022-06-01,29825.9221992987,1827.6371081239,
2022-06-02,30504.2679997078,1835.3889748685,
2022-06-03,29662.6709708942,1773.33450613676,
2022-06-04,29792.4076779077,1799.04830862069,
2022-06-05,29915.4093009936,1805.68905447107,
2022-06-06,31333.6770197545,1857.0548635301,
2022-06-07,31175.0324289889,1812.55737521917,
2022-06-08,30228.464698422,1794.50157685564,
2022-06-09,30064.4855289305,1787.18229456458,
2022-06-10,29070.4000300994,1662.50309760374,
2022-06-11,28360.7899231444,1529.50090531853,
2022-06-12,26830.2839456458,1449.37609070719,
2022-06-13,22316.2570400351,1192.1638591467,
2022-06-14,22072.8663085915,1205.54458474576,
2022-06-15,22520.7910087668,1228.52421186441,
2022-06-16,20310.1769848042,1062.05631794272,
2022-06-17,20464.9290873174,1087.0124880187,
2022-06-18,19013.8672536528,992.790097311514,
2022-06-19,20492.2951683226,1124.3688886616,
2022-06-20,20571.6292247224,1122.38415809468,
2022-06-21,20688.4651312098,1124.80054354179,
2022-06-22,20003.1683375219,1052.48545265926,
2022-06-23,21097.1028331385,1144.74839117475,
2022-06-24,21299.0769853887,1233.92042811221,
2022-06-25,21468.3431566335,1242.46349766219,
2022-06-26,21066.6209430158,1204.22064611338,
2022-06-27,20751.0516960842,1194.90176943308,
2022-06-28,20263.2196393922,1142.80152688486,
2022-06-29,20080.9480864991,1095.82495207481,
2022-06-30,19332.9121294565,1041.53905172414,
2022-07-01,19341.8631240795,1066.1029628872,
2022-07-02,19231.8317083577,1066.51756253653,
2022-07-03,19276.5146639392,1073.70227878434,
2022-07-04,20226.2984745763,1150.1623100526,
2022-07-05,20193.3427938048,1134.55701782583,
2022-07-06,20560.8438126826,1190.01984395091,
2022-07-07,21651.4191423144,1238.44509789597,
2022-07-08,21813.7871239042,1231.2732019287,
2022-07-09,21585.1321922852,1216.82491992987,
2022-07-10,20831.2733915839,1167.00219023963,
2022-07-11,19971.3294704851,1096.53821274109,
2022-07-12,19339.1534734074,1040.3091364699,
2022-07-13,20155.5278386908,1109.91739918177,
2022-07-14,20552.8990289304,1190.77715517241,
2022-07-15,20831.722700526,1235.44640999416,
2022-07-16,21196.5091428989,1352.58443950906,
2022-07-17,20827.8886085915,1345.29871186441,
2022-07-18,22305.7066428989,1568.5177969024,
2022-07-19,23371.2026601403,1545.68401548802,
2022-07-20,23280.9356680304,1523.17327171245,
2022-07-21,23152.4093112215,1578.50633021625,
2022-07-22,22706.0835554646,1536.58702454705,
2022-07-23,22484.4592317358,1550.44882115722,
2022-07-24,22653.3570260082,1603.32482787843,
2022-07-25,21510.1255874342,1461.68290911748,
2022-07-26,21181.6591967855,1431.20655336061,
2022-07-27,22898.4150683226,1632.34205330216,
2022-07-28,23838.5568838691,1724.61137200468,
2022-07-29,23950.7403798948,1746.07636090006,
2022-07-30,23623.4349611338,1692.89731209819,
2022-07-31,23356.1722215079,1682.69250409117,
2022-08-01,23331.4426969608,1635.83942051432,
2022-08-02,23031.4268834015,1640.55228550555,
2022-08-03,22809.7474418469,1616.22450905903,
2022-08-04,22628.3320821157,1606.95118293396,
2022-08-05,23248.9715023378,1725.62800490941,
2022-08-06,22996.2750452952,1695.53410169492,
2022-08-07,23153.6584713618,1697.48315371128,
2022-08-08,23803.6505154296,1776.06239567504,
2022-08-09,23186.2917464641,1703.99224897721,
2022-08-10,23923.0584830508,1850.82996142607,
2022-08-11,23934.4390561075,1878.11309555815,
2022-08-12,24396.3088462887,1954.77856107539,
2022-08-13,24426.2225748101,1981.2375414962,
2022-08-14,24314.2021315021,1936.33989158387,
2022-08-15,24083.9539748685,1901.74608649912,
2022-08-16,23868.8193530099,1876.61579427236,
2022-08-17,23336.3489310345,1833.20730216248,
2022-08-18,23221.1706028638,1849.20067504383,
2022-08-19,20906.7663141438,1615.85071274109,
2022-08-20,21146.6548021625,1575.83517270602,
2022-08-21,21553.9961717125,1621.43778018703,
2022-08-22,21301.0840581531,1607.93964377557,
2022-08-23,21534.5143521333,1663.88241525424,
2022-08-24,21424.9728232028,1658.74535037989,
2022-08-25,21587.8395844535,1695.09793629456,
2022-08-26,20246.1655733489,1508.81155990649,
2022-08-27,20043.9909485681,1492.86255990649,
2022-08-28,19673.5412188778,1440.91843746347,
2022-08-29,20270.960383986,1550.2820458796,
2022-08-30,19825.4632066043,1529.58784628872,
2022-08-31,20024.6716059614,1551.72922092344,
2022-09-01,20105.4626072472,1586.34916686148,
2022-09-02,19948.8567472823,1576.59604120397,
2022-09-03,19803.8332697253,1555.05634833431,
2022-09-04,19961.9118907072,1576.03008123904,
2022-09-05,19797.7967884278,1613.06100555231,
2022-09-06,18846.150537405,1565.69543600234,
2022-09-07,19292.9070745178,1633.8871465225,
2022-09-08,19319.1248512566,1634.5638766803,
2022-09-09,21363.3136152542,1717.52412244302,
2022-09-10,21715.2107980713,1779.75839479836,
2022-09-11,21732.7705686733,1758.45961922852,
2022-09-12,22365.2145601987,1710.77241729982,
2022-09-13,20165.0421607247,1574.04311630625,
2022-09-14,20246.3660424313,1633.75933313852,
2022-09-15,19696.8698661601,1472.5554792519,
2022-09-16,19741.5776168907,1430.06413968439,
2022-09-17,20120.7023459965,1469.37018877849,
2022-09-18,19427.1002626534,1337.85839099942,
2022-09-19,19557.9769582116,1379.44124693162,
2022-09-20,18872.9498667446,1323.40883226184,
2022-09-21,18506.7607481005,1249.1307238457,
2022-09-22,19414.5396449445,1328.6692653419,
2022-09-23,19326.8648199883,1330.95503302162,
2022-09-24,18924.7677872589,1317.0079465225,
2022-09-25,18793.1561531268,1294.54904383402,
2022-09-26,19201.1317209234,1334.38671420222,
2022-09-27,19106.7389135009,1330.5247402104,
2022-09-28,19454.937210111,1339.13675394506,
2022-09-29,19540.8664105786,1333.64239392168,
2022-09-30,19435.1946917008,1327.0759956166,
2022-10-01,19311.861629398,1311.22253331385,
2022-10-02,19015.2928050847,1276.55304675628,
2022-10-03,19633.4325859147,1324.40998334307,
2022-10-04,20339.9712811221,1362.84395236704,
2022-10-05,20155.0996987142,1352.55720689655,
2022-10-06,19950.5477957335,1351.3537402104,
2022-10-07,19539.1439216832,1332.54090561075,
2022-10-08,19416.1772291058,1315.45911864407,
2022-10-09,19428.3671323787,1320.93465400351,
2022-10-10,19154.4042346581,1292.04924693162,
2022-10-11,19039.2820683811,1278.54329719462,
2022-10-12,19156.9115645821,1294.63398918761,
2022-10-13,19387.8336806546,1288.20101256575,
2022-10-14,19177.6941031561,1297.32227849211,
2022-10-15,19069.8749272355,1274.99698947984,
2022-10-16,19261.7497878434,1305.60972296902,
2022-10-17,19557.0218106371,1332.3694792519,
2022-10-18,19341.4075543542,1311.29945967271,
2022-10-19,19132.1544254822,1284.66447399182,
2022-10-20,19033.3760239626,1281.90813793103,
2022-10-21,19174.8763487434,1299.87529164231,
2022-10-22,19207.6285078901,1314.30632261835,
2022-10-23,19565.4123243717,1363.86034102864,
2022-10-24,19341.460210111,1344.55304383402,
2022-10-25,20094.9611215663,1461.29032407949,
2022-10-26,20797.0308258328,1571.25949210988,
2022-10-27,20280.1751280538,1514.78292051432,
2022-10-28,20604.6138535944,1555.96761455289,
2022-10-29,20803.8999205143,1618.89496873174,
2022-10-30,20616.7033766803,1589.51054997078,
2022-10-31,20490.8581808884,1571.20387054354,
2022-11-01,20483.966530976,1580.25594681473,
2022-11-02,20148.2845537697,1519.57743717124,
2022-11-03,20198.1111860316,1529.79641525424,
2022-11-04,21157.2449275278,1644.7656364699,
2022-11-05,21283.4715999416,1627.35012068965,
2022-11-06,20946.8030359439,1574.97463471654,
2022-11-07,20568.5651183518,1567.4638132671,
2022-11-08,18520.971163647,1331.86717884278,
2022-11-09,15758.2912819988,1092.99871040327,
2022-11-10,17541.5602866745,1297.56088690824,
2022-11-11,16916.8506312098,1280.90110344828,
2022-11-12,16771.2426718293,1252.00409994156,
2022-11-13,16320.4983375219,1220.14754500292,
2022-11-14,16629.4784146698,1240.72447603741,
2022-11-15,16855.59378609,1249.54837960257,
2022-11-16,16659.6063345996,1214.79349853887,
2022-11-17,16675.1790204559,1199.72255055523,
2022-11-18,16661.5229576271,1209.4787565751,
2022-11-19,16696.0040581531,1218.60619929866,
2022-11-20,16246.8446992987,1139.64296113384,
2022-11-21,15778.0174047341,1107.64197720631,
2022-11-22,16172.8893445354,1134.7735163647,
2022-11-23,16574.0617299825,1183.16671361777,
2022-11-24,16583.5243445354,1202.6865,
2022-11-25,16522.3887767388,1199.06187580362,
2022-11-26,16448.6413077148,1204.81936440678,
2022-11-27,16436.0707688486,1196.86665049679,
2022-11-28,16212.5814161309,1168.91699678551,
2022-11-29,16443.0368199883,1217.08083810637,
2022-11-30,17176.8986914085,1298.03941963764,
2022-12-01,16961.2918042081,1275.71093571011,
2022-12-02,17075.1091370544,1292.87129018118,
2022-12-03,16899.5073831093,1240.93125043834,
2022-12-04,17121.7149824664,1280.03346960842,
2022-12-05,16961.3517866745,1258.52961747516,
2022-12-06,17070.5158281707,1270.18564289889,
2022-12-07,16848.2518243717,1232.55245441262,
2022-12-08,17231.4563223261,1281.63305201636,
2022-12-09,17136.1490008767,1263.20861864407,
2022-12-10,17124.2146797195,1266.7714421391,
2022-12-11,17094.3606592636,1263.06966656926,
2022-12-12,17195.5249962011,1274.78023495032,
2022-12-13,17774.9166320865,1320.40190677966,
2022-12-14,17809.7240835769,1308.14814056107,
2022-12-15,17344.0544569258,1264.12830508475,
2022-12-16,16606.1101750438,1164.54822443016,
2022-12-17,16774.3853702513,1187.08355902981,
2022-12-18,16776.1159254822,1187.40088690824,
2022-12-19,16424.1313857393,1167.13473611923,
2022-12-20,16901.8169362946,1217.78852659264,
2022-12-21,16800.5329707773,1212.37697340736,
2022-12-22,16814.2225791935,1216.84605055523,
2022-12-23,16780.5169798363,1219.86765049679,
2022-12-24,16837.612170076,1220.58067533606,
2022-12-25,16824.8389736996,1217.7824880187,
2022-12-26,16879.9382273524,1224.37791788428,
2022-12-27,16698.9112708942,1211.57558153127,
2022-12-28,16536.2942001753,1188.10792518995,
2022-12-29,16630.5931551724,1200.92096843951,
2022-12-30,16593.6888287551,1198.58331034483,
2022-12-31,16524.2178024547,1195.33087931034,
2023-01-01,16606.7520432496,1200.00591934541,
2023-01-02,16688.7192729398,1214.8377685564,
2023-01-03,16670.0773836937,1214.22573816482,
2023-01-04,16848.3660391584,1255.92211689071,
2023-01-05,16824.8001826417,1250.14810315605,
2023-01-06,16957.8622738165,1269.2522521917,
2023-01-07,16942.6285891292,1263.50416335476,
2023-01-08,17059.2399444769,1284.640028346,
2023-01-09,17182.3198521333,1320.62153097604,
2023-01-10,17433.9146320865,1335.65639655172,
2023-01-11,17833.7107656341,1380.51409789597,
2023-01-12,18869.7044842198,1417.14464611338,
2023-01-13,19868.7247454705,1449.88405055523,
2023-01-14,21010.9227200468,1551.58092372881,
2023-01-15,20876.0085561075,1552.31962039743,
2023-01-16,21180.4119485681,1577.95188194039,
2023-01-17,21178.2993962595,1570.19011279953,
2023-01-18,20709.6686040327,1519.97825832846,
2023-01-19,21071.8334152542,1550.32473816482,
2023-01-20,22660.7169421391,1658.07273027469,
2023-01-21,22803.172761543,1628.12569403857,
2023-01-22,22716.2771966686,1628.26689450614,
2023-01-23,22929.0248936295,1627.93555610754,
2023-01-24,22611.1268787259,1553.74205523086,
2023-01-25,23109.0845189947,1607.73188661601,
2023-01-26,23008.6894766219,1601.93506399766,
2023-01-27,23070.4964582116,1598.01924400935,
2023-01-28,23008.8094649328,1570.18742606663,
2023-01-29,23774.9963679135,1646.29684132087,
2023-01-30,22799.427261543,1565.98836440678,
2023-01-31,23130.0519132087,1584.82108328463,
2023-02-01,23727.2026075395,1641.90211075395,
2023-02-02,23505.6048430742,1646.33768264173,
2023-02-03,23445.8131773816,1665.60525014611,
2023-02-04,23355.5243863238,1671.04695207481,
2023-02-05,22957.2251905319,1631.12114172998,
2023-02-06,22745.1650371128,1614.27482232613,
2023-02-07,23266.2692036821,1672.72231092928,
2023-02-08,22937.5799453536,1650.23299795441,
2023-02-09,21818.1989456458,1545.6244585038,
2023-02-10,21620.5667837522,1514.2499868498,
2023-02-11,21864.8626414378,1540.18145032145,
2023-02-12,21772.1373252484,1513.77351841029,
2023-02-13,21798.7157168323,1506.22274605494,
2023-02-14,22222.415043834,1557.42669579194,
2023-02-15,24304.6129827586,1672.84323933372,
2023-02-16,23742.4488354763,1643.89578404442,
2023-02-17,24607.3356054939,1696.04581063705,
2023-02-18,24636.5266127995,1690.93641057861,
2023-02-19,24366.9907606663,1683.20734979544,
2023-02-20,24797.8430359439,1700.88487288136,
2023-02-21,24400.3893898305,1655.09468264173,
2023-02-22,24163.7389812975,1641.94119491525,
2023-02-23,23910.0342104033,1649.39288398597,
2023-02-24,23175.8242036821,1608.29904324956,
2023-02-25,23159.8154403857,1593.90391671537,
2023-02-26,23542.0964281122,1640.57851431911,
2023-02-27,23504.1894178843,1633.62932583285,
2023-02-28,23145.9491277031,1606.66273436587,
2023-03-01,23610.6590902981,1661.70797282291,
2023-03-02,23470.0254815897,1647.85497837522,
2023-03-03,22350.0962340736,1569.16893132671,
2023-03-04,22334.2852638808,1565.88301373466,
2023-03-05,22419.8171390999,1563.63009818819,
2023-03-06,22414.7033056692,1567.53606341321,
2023-03-07,22174.6484725307,1560.02789246055,
2023-03-08,21701.3846227352,1534.22761718293,
2023-03-09,20349.8141732905,1436.66890824079,
2023-03-10,20240.406694623,1434.1492194623,
2023-03-11,20585.2343290473,1477.24561835184,
2023-03-12,22065.9800359439,1586.49992781999,
2023-03-13,24154.4290946815,1677.88656078317,
2023-03-14,24769.0175691409,1706.89304383402,
2023-03-15,24409.8017518995,1655.43240093513,
2023-03-16,25043.2388468732,1677.25818614845,
2023-03-17,27450.6282933957,1791.02045382817,
2023-03-18,26985.7359915254,1764.36525336061,
2023-03-19,28185.2043319696,1801.75050058445,
2023-03-20,27834.3361090006,1737.37734073641,
2023-03-21,28172.7950558153,1805.09059409702,
2023-03-22,27341.5571297487,1738.26925452952,
2023-03-23,28387.8897495617,1819.24090590298,
2023-03-24,27464.1249453536,1751.13301110462,
2023-03-25,27488.954880187,1742.46973699591,
2023-03-26,28049.3916911163,1778.52934570427,
2023-03-27,27154.9963702513,1714.87305932203,
2023-03-28,27283.9634029807,1774.92046697838,
2023-03-29,28389.2917784921,1794.74885768556,
2023-03-30,28021.5583009936,1791.79660169492,
2023-03-31,28514.6813062537,1824.00190356517,
2023-04-01,28494.5638863238,1822.41595762712,
2023-04-02,28161.9980362361,1794.75583547633,
2023-04-03,27850.9799436002,1811.18531180596,
2023-04-04,28113.9585187025,1868.19117066043,
2023-04-05,28190.3116063705,1911.12547106955,
2023-04-06,28049.0744763296,1872.08796493279,
2023-04-07,27936.8042609585,1866.34243366452,
2023-04-08,27964.0512498539,1851.750106955,
2023-04-09,28357.8072703098,1861.1328395675,
2023-04-10,29687.5651846873,1912.11599473992,
2023-04-11,30247.0959193454,1891.72326592636,
2023-04-12,29913.0035463472,1921.77945996493,
2023-04-13,30370.82207218,2010.86303623612,
2023-04-14,30458.9700414962,2102.23098217417,
2023-04-15,30342.0591084161,2094.48822501461,
2023-04-16,30312.9308533022,2119.36738223261,
2023-04-17,29469.5050727645,2076.5863679135,
2023-04-18,30366.8723813559,2101.64348246639,
2023-04-19,28796.7440952659,1936.27672559907,
2023-04-20,28251.2763790181,1943.00065926359,
2023-04-21,27292.0211052016,1849.59096668615,
2023-04-22,27827.5475920514,1875.55641846873,
2023-04-23,27604.6855742256,1862.81730888369,
2023-04-24,27520.1996729982,1842.86772092344,
2023-04-25,28302.6942180012,1868.05564640561,
2023-04-26,28384.2340333139,1866.89703068381,
2023-04-27,29465.5514272355,1909.36528959673,
2023-04-28,29350.811886616,1893.93526767972,
2023-04-29,29221.5145075979,1905.84894038574,
2023-04-30,29362.0867974868,1885.55236995909,
2023-05-01,28114.9531873174,1831.77346551724,
2023-05-02,28690.5809959088,1872.31188398597,
2023-05-03,29045.0427735243,1905.09636908241,
2023-05-04,28855.8574465225,1877.04549620105,
2023-05-05,29552.9695236704,1995.59514143776,
2023-05-06,28899.4629602572,1900.32479427236,
2023-05-07,28761.738434249,1900.28729222677,
2023-05-08,27727.2854091175,1850.24827673875,
2023-05-09,27642.4281092928,1848.22007364115,
2023-05-10,27646.004902104,1842.46204091175,
2023-05-11,26986.271065751,1795.59223991818,
2023-05-12,26773.3443591467,1807.86421858562,
2023-05-13,26841.3982913501,1799.58322033898,
2023-05-14,26918.261597896,1799.90850993571,
2023-05-15,27231.6216052016,1819.31062916423,
2023-05-16,27025.7181864407,1824.28658240795,
2023-05-17,27401.0440610754,1822.18958416131,
2023-05-18,26843.2350938048,1803.8054377557,
2023-05-19,26889.503631502,1813.16229193454,
2023-05-20,27100.8582878434,1819.32194330801,
2023-05-21,26777.0977831677,1806.48285184103,
2023-05-22,26858.7370637054,1818.20541291642,
2023-05-23,27226.8558763881,1854.56284511981,
2023-05-24,26341.4306446522,1801.14089976622,
2023-05-25,26484.8359234366,1806.9382106955,
2023-05-26,26720.3838071303,1829.23536440678,
2023-05-27,26854.5403702513,1830.77384950321,
2023-05-28,28097.5211259497,1911.28677440093,
2023-05-29,27765.0728693746,1894.85833810637,
2023-05-30,27712.4915844535,1900.83276183519,
2023-05-31,27217.6832580362,1872.94246113384,
2023-06-01,26825.3713451198,1861.87719082408,
2023-06-02,27255.2279941555,1906.95200964348,
2023-06-03,27079.4084643483,1891.8916364699,
2023-06-04,27158.25456955,1892.3073100526,
2023-06-05,25785.8514842198,1812.74285300994,
2023-06-06,27213.7705187025,1883.15331735827,
2023-06-07,26339.5790292227,1831.89239801286,
2023-06-08,26521.693600526,1847.23547516072,
2023-06-09,26470.6775780245,1838.42196376388,
2023-06-10,25863.2138506721,1752.90041496201,
2023-06-11,25906.8281516657,1751.8336811806,
2023-06-12,25906.7519354179,1742.45293424898,
2023-06-13,25880.8599734074,1736.92458503799,
2023-06-14,25097.5853796026,1650.15449649328,
2023-06-15,25559.1433293396,1663.84364611338,
2023-06-16,26331.8200943892,1716.62002104033,
2023-06-17,26514.1713495032,1727.57647136178,
2023-06-18,26353.962682934,1720.11903828171,
2023-06-19,26778.0634415547,1734.98348451198,
2023-06-20,28305.4204573349,1789.79935710111,
2023-06-21,30099.5153509643,1894.31125803624,
2023-06-22,29952.5112866745,1874.36079076563,
2023-06-23,30638.3537644652,1891.57702922268,
2023-06-24,30549.0162872589,1876.10660052601,
2023-06-25,30467.4403705435,1899.80092402104,
2023-06-26,30255.8861241964,1857.5683351841,
2023-06-27,30667.0762948568,1888.94404208065,
2023-06-28,30104.0432717709,1829.66858649912,
2023-06-29,30460.792978083,1853.17543687902,
2023-06-30,30484.503257744,1934.61751548802,
2023-07-01,30581.6889655172,1923.13508825248,
2023-07-02,30594.2164736996,1935.59753769725,
2023-07-03,31135.3575993571,1954.20382291058,
2023-07-04,30799.9474558738,1938.38063091759,
2023-07-05,30497.8221282876,1912.14585213325,
2023-07-06,29979.7298094681,1854.37547632963,
2023-07-07,30329.8829786674,1869.3275622443,
2023-07-08,30263.6196341321,1864.05657831677,
2023-07-09,30163.2210563998,1862.63280011689,
2023-07-10,30394.6555806546,1880.33877177089,
2023-07-11,30616.247094097,1878.36697545295,
2023-07-12,30385.6087852133,1871.59052337814,
2023-07-13,31434.7354704851,2002.01825043834,
2023-07-14,30310.6720204559,1935.13725511397,
2023-07-15,30290.8905958504,1930.71778521333,
2023-07-16,30249.7729658095,1924.54624693162,
2023-07-17,30143.7462744009,1912.2863798948,
2023-07-18,29835.7474076563,1897.39907071888,
2023-07-19,29913.0294646406,1889.51615166569,
2023-07-20,29805.6065707189,1891.97682437171,
2023-07-21,29919.6934921099,1892.11009234366,
2023-07-22,29726.0096271186,1861.28420485096,
2023-07-23,30066.5724482759,1887.97183430742,
2023-07-24,29178.3597042665,1849.92425336061,
2023-07-25,29221.2548533022,1857.55349269433,
2023-07-26,29361.5917580362,1871.16815838691,
2023-07-27,29201.6865175336,1859.04174693162,
2023-07-28,29316.3130751023,1875.01526972531,
2023-07-29,29360.376179135,1881.00276534191,
2023-07-30,29262.8367337814,1861.50678521333,
2023-07-31,29219.8201887785,1856.18514465225,
2023-08-01,29499.5875385739,1866.98985067212,
2023-08-02,29143.1519620105,1838.2950862069,
2023-08-03,29192.3448617767,1835.91625482174,
2023-08-04,29057.2532437171,1826.2735829924,
2023-08-05,29053.0956975453,1835.38041437756,
2023-08-06,29048.0433275862,1826.94227440093,
2023-08-07,29164.3585873758,1825.86593308007,
2023-08-08,29779.511383986,1856.70175043834,
2023-08-09,29582.9442375804,1855.32526271186,
2023-08-10,29430.1599117475,1850.89056019871,
2023-08-11,29399.784739626,1846.58541788428,
2023-08-12,29415.733902104,1848.60640794857,
2023-08-13,29286.1176110462,1838.95695002922,
2023-08-14,29408.9717127411,1843.84205055523,
2023-08-15,29167.59721654,1827.12240327294,
2023-08-16,28754.2924079486,1806.94174839275,
2023-08-17,26660.5627264757,1688.89880537697,
2023-08-18,26037.3658474576,1660.65438603156,
2023-08-19,26093.981808007,1668.86229748685,
2023-08-20,26176.4721642315,1683.56179661017,
2023-08-21,26128.9050160725,1667.28708883694,
2023-08-22,25978.2096914085,1631.88740853302,
2023-08-23,26452.1935882525,1678.89443424898,
2023-08-24,26126.7943331385,1656.64010169491,
2023-08-25,26040.881255114,1652.96844623027,
2023-08-26,26006.1740800701,1645.92842226768,
2023-08-27,26086.3612594974,1656.75394593805,
2023-08-28,26103.2765730567,1652.81391934541,
2023-08-29,27672.2221306254,1726.95467679719,
2023-08-30,27298.997779661,1705.04314114553,
2023-08-31,25954.8665935126,1645.67690531853,
2023-09-01,25802.7885298071,1628.75344476914,
2023-09-02,25868.2960976037,1636.88336528346,
2023-09-03,25962.5475689655,1635.56472647575,
2023-09-04,25799.5256870251,1627.41772355348,
2023-09-05,25782.3622200468,1632.72254324956,
2023-09-06,25754.7902676797,1632.395921391,
2023-09-07,26210.6045637054,1646.08132933957,
2023-09-08,25904.6982127411,1636.38499357101,
2023-09-09,25894.6205976037,1634.67623524255,
2023-09-10,25831.4647802455,1617.41718790181,
2023-09-11,25135.0393781414,1549.35964874342,
2023-09-12,25859.7018068381,1594.0094345412,
2023-09-13,26226.8667524839,1607.7192194623,
2023-09-14,26556.056943308,1627.52328755114,
2023-09-15,26672.6160818235,1643.92288106371,
2023-09-16,26555.6361031561,1634.72032933957,
2023-09-17,26502.4321189363,1620.58054354179,
2023-09-18,26764.6319064874,1637.64761016949,
2023-09-19,27215.0504848042,1643.48128784337,
2023-09-20,27133.4037235535,1622.66867942724,
2023-09-21,26571.5952919345,1584.68828667446,
2023-09-22,26581.1476116306,1593.62554763296,
2023-09-23,26575.776386616,1592.93375365284,
2023-09-24,26286.6410488019,1581.2407817066,
2023-09-25,26288.8095005845,1587.55197077732,
2023-09-26,26194.5378880772,1592.03694038574,
2023-09-27,26336.0825973115,1596.47206604325,
2023-09-28,27033.4254415546,1652.89402893045,
2023-09-29,26911.2514739918,1667.55800642899,
2023-09-30,26977.6933126826,1671.13527235535,
2023-10-01,27950.1453594389,1731.54860958504,
2023-10-02,27565.8892954413,1663.19262887201,
2023-10-03,27439.1422393337,1656.90272647575,
2023-10-04,27797.251176505,1648.97039859731,
2023-10-05,27426.3450926359,1613.01122939801,
2023-10-06,27941.9633760959,1645.72665341905,
2023-10-07,27972.7515704266,1635.14589070719,
2023-10-08,27936.3261157218,1632.99003798948,
2023-10-09,27591.3467618352,1579.55456808884,
2023-10-10,27419.7971803039,1568.32793717125,
2023-10-11,26828.1725710111,1565.31241496201,
2023-10-12,26741.3405990649,1538.10105201636,
2023-10-13,26842.4467703098,1550.26081034483,
2023-10-14,26861.9892375804,1555.66229076563,
2023-10-15,27130.3067092344,1556.29597632963,
2023-10-16,28506.7936741671,1600.99388457043,
2023-10-17,28433.2051522501,1565.29439362946,
2023-10-18,28328.0750195792,1563.40930859147,
2023-10-19,28690.358041204,1566.42841876096,
2023-10-20,29704.9853673291,1605.57386294565,
2023-10-21,29922.5464044418,1628.75319929866,
2023-10-22,29984.1593196961,1663.03004091175,
2023-10-23,32954.1690482174,1763.06074313267,
2023-10-24,33880.9566537113,1784.6231823495,
2023-10-25,34488.6589210988,1786.28815692577,
2023-10-26,34181.4922521917,1804.61282933957,
2023-10-27,33896.938528346,1780.84673845704,
2023-10-28,34091.5890327294,1776.20995675044,
2023-10-29,34574.3377206312,1797.71945149036,
2023-10-30,34495.1050207481,1809.38564757452,
2023-10-31,34636.4264736996,1813.54269783752,
2023-11-01,35431.9794532437,1846.08104295733,
2023-11-02,34882.9173366452,1799.2211244886,
2023-11-03,34708.2218804792,1832.61355727645,
2023-11-04,35091.0763062537,1859.52932407949,
2023-11-05,35105.0420265926,1896.54958766803,
2023-11-06,35017.7151484512,1898.86499298656,
2023-11-07,35418.4768901227,1886.19089158387,
2023-11-08,35797.8946090006,1892.6552150789,
2023-11-09,36675.3264333723,2115.80718468732,
2023-11-10,37367.4943722969,2080.74105844535,
2023-11-11,36979.9312405026,2046.32508503799,
2023-11-12,37053.3410514319,2044.94616014027,
2023-11-13,36543.2680870836,2062.53573699591,
2023-11-14,35590.6835645821,1982.44437434249,
2023-11-15,37840.5534894798,2056.27591466978,
2023-11-16,36160.4044509059,1959.63886236119,
2023-11-17,36569.7120534775,1958.85209994155,
2023-11-18,36577.4249617183,1962.39401081239,
2023-11-19,37442.7285119813,2009.78161805961,
2023-11-20,37516.0503708358,2024.27034190532,
2023-11-21,36035.0330862069,1945.5181244886,
2023-11-22,37403.0347168323,2064.39985739334,
2023-11-23,37311.7192156634,2063.22440122735,
2023-11-24,37718.7841630625,2079.30062361192,
2023-11-25,37800.1260932203,2084.53667621274,
2023-11-26,37482.7055260082,2065.37363062537,
2023-11-27,37229.2452197545,2027.24106779661,
2023-11-28,37828.4655911748,2049.73816247808,
2023-11-29,37846.8531227352,2028.84542109877,
2023-11-30,37712.7114789597,2051.0453308007,
2023-12-01,38703.5536820573,2086.10865020456,
2023-12-02,39462.2799272355,2164.74958825248,
2023-12-03,39978.2226104617,2193.55490765634,
2023-12-04,41910.2994815897,2238.0204748685,
2023-12-05,44067.0054763296,2291.50846785506,
2023-12-06,43745.8343907072,2231.62348100526,
2023-12-07,43282.6182261835,2354.39729836353,
2023-12-08,44205.0522089421,2359.29733576856,
2023-12-09,43740.0063927528,2341.9603766803,
2023-12-10,43732.7120900059,2351.04702162478,
2023-12-11,41209.8947904734,2221.86452425482,
2023-12-12,41467.2735698422,2201.24024839275,
2023-12-13,42939.0607583285,2260.86859175921,
2023-12-14,43033.1371560491,2319.55548042081,
2023-12-15,41978.0970195792,2221.4636277031,
2023-12-16,42203.2140450029,2224.69860870836,
2023-12-17,41428.6657855056,2200.06795558153,
2023-12-18,42635.7331911163,2215.89467299825,
2023-12-19,42271.863025716,2176.07665926359,
2023-12-20,43605.1555549386,2195.89209263589,
2023-12-21,43870.2382340736,2237.71803623612,
2023-12-22,44009.5016551724,2326.30142402104,
2023-12-23,43768.8067518995,2311.02396814728,
2023-12-24,43097.8093258329,2268.21977440094,
2023-12-25,43623.7504029807,2274.25886966686,
2023-12-26,42491.1229079486,2229.44579982466,
2023-12-27,43436.9594269433,2378.56683167738,
2023-12-28,42670.6797180012,2351.43687638808,
2023-12-29,41998.6033442431,2295.94371127995,
2023-12-30,42204.4917744009,2293.75403945061,
2023-12-31,42217.1587913501,2279.07572355348,
2024-01-01,44049.4735534775,2347.43826125073,
2024-01-02,44941.160493571,2357.63096084161,
2024-01-03,42773.6515423729,2207.34334979544,
2024-01-04,44250.7452670953,2272.18009088253,
2024-01-05,44146.3222022209,2267.64338778492,
2024-01-06,43917.9798147282,2238.93393980129,
2024-01-07,43844.195949737,2218.46866306254,
2024-01-08,46981.3242995324,2332.30309205143,
2024-01-09,46084.005795149,2339.66153652835,
2024-01-10,46818.1592764465,2590.84570981882,
2024-01-11,46380.8708082992,2618.69897837522,
2024-01-12,42817.4305356517,2519.14196843951,
2024-01-13,42846.9544699006,2580.01773290473,
2024-01-14,41888.1513068381,2479.10104091175,
2024-01-15,42528.9192489772,2512.73806808884,
2024-01-16,43171.4472241379,2590.58586411455,
2024-01-17,42689.304327294,2524.52326651081,
2024-01-18,41261.9076177674,2466.73101315021,
2024-01-19,41606.8535330216,2490.05942811222,
2024-01-20,41668.6904102864,2469.73605902981,
2024-01-21,41537.1123562244,2454.59006867329,
2024-01-22,39577.0998603156,2312.20573436587,
2024-01-23,39737.3143617767,2238.99027849211,
2024-01-24,40101.8568980129,2233.65031472823,
2024-01-25,39917.6611461134,2218.09818790181,
2024-01-26,41860.7310458796,2266.88314348334,
2024-01-27,42125.3014155465,2266.63358649912,
2024-01-28,41983.0202744009,2255.09584307423,
2024-01-29,43218.3470821157,2314.929449737,
2024-01-30,42950.0541277031,2348.3221987142,
2024-01-31,42589.4708059614,2284.19509848042,
2024-02-01,43020.3596548802,2300.17150613676,
2024-02-02,43155.3852030976,2306.20428988895,
2024-02-03,42982.3789979544,2294.85958562244,
2024-02-04,42576.2913050847,2287.55248538866,
2024-02-05,42619.2742738165,2296.7951823495,
2024-02-06,43102.7062632963,2374.23775832846,
2024-02-07,44253.0314731151,2424.69836703682,
2024-02-08,45332.09157218,2421.88923232028,
2024-02-09,47176.9665137347,2490.79084073641,
2024-02-10,47792.8972156634,2500.52634102864,
2024-02-11,48200.7986057861,2504.4711899474,
2024-02-12,49989.80371654,2654.8437238457,
2024-02-13,49628.0941528346,2638.38654091175,
2024-02-14,51844.2929193454,2779.39197662186,
2024-02-15,51939.1472919345,2825.4183603156,
2024-02-16,52157.3123977206,2802.71410578609,
2024-02-17,51674.8158521333,2786.64820397429,
2024-02-18,52148.0645365283,2877.23226680304,
2024-02-19,51804.8051537113,2948.52049386324,
2024-02-20,52308.0531712449,3014.12615604909,
2024-02-21,51744.321808007,2965.02309906487,
2024-02-22,51292.3252574518,2972.48551987142,
2024-02-23,50789.1431759205,2923.20721975453,
2024-02-24,51578.2349164231,2990.13751957919,
2024-02-25,51746.4789669784,3111.73178638223,
2024-02-26,54551.8259184687,3175.87239129164,
2024-02-27,57049.888220339,3244.34883255406,
2024-02-28,62460.740619813,3376.60128696669,
2024-02-29,61394.7818515488,3350.23638281707,
2024-03-01,62524.401817066,3438.18769988311,
2024-03-02,62049.6145637054,3420.33950701344,
2024-03-03,62991.4422913501,3482.48343074226,
2024-03-04,68091.8388243717,3630.73033343074,
2024-03-05,63950.524329924,3552.95023524255,
2024-03-06,66103.7215400351,3820.764292519,
2024-03-07,67070.3791484512,3868.68848305085,
2024-03-08,68343.7149552893,3895.41697779077,
2024-03-09,68502.5053392753,3914.19767445938,
2024-03-10,68882.2513395675,3872.30338077148,
2024-03-11,72198.0875341905,4072.90353009936,
2024-03-12,71432.7283018702,3971.09591408533,
2024-03-13,73081.5759053185,4004.5978722969,
2024-03-14,71505.2729076563,3882.89582524839,
2024-03-15,69424.9141753361,3736.92063383986,
2024-03-16,65433.6819006429,3519.47903243717,
2024-03-17,68285.0891691993,3638.45260432496,
2024-03-18,67770.8865245471,3529.94917767387,
2024-03-19,61969.3075394506,3165.8325338983,
2024-03-20,67848.1076396844,3519.0726811806,
2024-03-21,65454.7357232612,3489.54293863238,
2024-03-22,63486.4849997078,3316.85662302747,
2024-03-23,64361.2429047341,3354.71804412624,
2024-03-24,67289.5658310929,3455.31273378142,
2024-03-25,70042.0204237288,3595.95377440094,
2024-03-26,70071.0472144945,3593.26549181765,
2024-03-27,69267.8879815897,3498.33240648743,
2024-03-28,70826.8968714202,3566.1563798948,
2024-03-29,69917.0430070134,3516.30310140269,
2024-03-30,69663.0119073641,3506.18175686733,
2024-03-31,71227.4517939801,3644.72632057276,
2024-04-01,69791.6277305669,3510.49059088252,
2024-04-02,65533.7548351841,3283.00576212741,
2024-04-03,66130.2162393337,3317.26652045587,
2024-04-04,68438.135024547,3327.80180274693,
2024-04-05,67904.9094766219,3323.68147399182,
2024-04-06,69136.0710783168,3368.21936294565,
2024-04-07,69392.6830108124,3447.5169082408,
2024-04-08,71712.7972840444,3700.18461426067,
2024-04-09,69074.5418638223,3499.24437755699,
2024-04-10,70579.4456767972,3541.31580829924,
2024-04-11,70046.5536057861,3504.10413237873,
2024-04-12,67098.113691993,3234.93164260666,
2024-04-13,64551.6482875512,3030.38006370544,
2024-04-14,65648.8099602572,3158.85037901812,
2024-04-15,63393.325166277,3103.08803565167,
2024-04-16,63784.8203340152,3088.46737171245,
2024-04-17,61324.2184286967,2984.85811309176,
2024-04-18,63510.14500263,3067.80594067797,
2024-04-19,63762.6310300994,3055.9694956166,
2024-04-20,64907.9928366452,3155.52894243133,
2024-04-21,64968.192619813,3147.65961542957,
2024-04-22,66944.5960911748,3205.79751431911,
2024-04-23,66385.3002919345,3217.77177995324,
2024-04-24,64189.9679064874,3133.02161046172,
2024-04-25,64515.3874725307,3158.31867445938,
2024-04-26,63777.4715002922,3129.83962390415,
2024-04-27,63429.3099649328,3253.06380333138,
2024-04-28,62978.5770049678,3262.86946580947,
2024-04-29,63908.3888766803,3220.45092109877,
2024-04-30,60636.3261633548,3012.4375447107,
2024-05-01,58141.7772799532,2970.35463997662,
2024-05-02,59170.1088936295,2988.55618001169,
2024-05-03,62983.6554783752,3107.4065829924,
2024-05-04,63881.1305429573,3116.85577060199,
2024-05-05,64067.5959918177,3138.82202250146,
2024-05-06,63228.1031341321,3067.52578550555,
2024-05-07,62396.999720339,3014.6582182934,
2024-05-08,61079.27442782,2970.40599883109,
2024-05-09,62998.4903381064,3034.47790239626,
2024-05-10,60896.6418880772,2910.85627527762,
2024-05-11,60843.5729240211,2911.31118176505,
2024-05-12,61431.2746879018,2930.52381063705,
2024-05-13,62886.9394491526,2948.49537142022,
2024-05-14,61555.5670046756,2881.04924284044,
2024-05-15,66281.5322542373,3028.85788924606,
2024-05-16,65269.2603246639,2941.34486236119,
2024-05-17,66956.4409476914,3092.48875365283,
2024-05-18,66977.6006914085,3122.58925452952,
2024-05-19,66259.4704260666,3070.15583752192,
2024-05-20,71202.2025902981,3661.91130683811,
2024-05-21,70217.2546914085,3796.88597720631,
2024-05-22,69074.9141350088,3740.96768877849,
2024-05-23,67758.7306586791,3766.94141028638,
2024-05-24,68608.998279661,3728.02142022209,
2024-05-25,69282.7925976037,3748.06725365284,
2024-05-26,68445.0069532437,3824.52689099942,
2024-05-27,69347.815260374,3887.71309000584,
2024-05-28,68342.8204488603,3844.94370251315,
2024-05-29,67584.2632402104,3769.94606195208,
2024-05-30,68375.4760260082,3747.58575832846,
2024-05-31,67377.7626122151,3755.48389596727,
2024-06-01,67714.3526399766,3813.36246522501,
2024-06-02,67805.4855742256,3781.31107510228,
2024-06-03,68833.3028351841,3767.48563822326,
2024-06-04,70554.0894330801,3812.18925131502,
2024-06-05,71087.4433158971,3863.33180479252,
2024-06-06,70788.5013755114,3811.85764231444,
2024-06-07,69338.1573240795,3679.91953915839,
2024-06-08,69310.1092618352,3680.01974547049,
2024-06-09,69644.0190894214,3705.6370295149,
2024-06-10,69465.9362478083,3666.16929456458,
2024-06-11,67368.263506429,3497.70045324372,
2024-06-12,68213.8346838106,3560.79752922268,
2024-06-13,66783.4902767388,3470.07002191701,
2024-06-14,65982.1865195792,3479.90397691409,
2024-06-15,66204.904308007,3567.76231297487,
2024-06-16,66622.5999336645,3619.69397223846,
2024-06-17,66483.8785260082,3509.52888807715,
2024-06-18,65112.1230020456,3477.65919520748,
2024-06-19,64878.7141525424,3557.56530420807,
2024-06-20,64897.7011542957,3512.66682817066,
2024-06-21,64086.0489228521,3518.29662799532,
2024-06-22,64258.135506429,3496.20113588545,
2024-06-23,63345.0218760959,3419.96013325541,
2024-06-24,60258.9554374635,3347.67256312098,
2024-06-25,61739.6658477498,3392.701764173,
2024-06-26,60794.4760584454,3368.95722998247,
2024-06-27,61569.9234275278,3443.80289129164,
2024-06-28,60303.3147364115,3372.74825394506,
2024-06-29,60889.3298430742,3373.51496990064,
2024-06-30,62763.2796861485,3437.88873202805,
2024-07-01,62835.3997647575,3437.63577878434,
2024-07-02,62028.6170385739,3418.16105698422,
2024-07-03,60216.3920859147,3294.66166656926,
2024-07-04,57418.2420213326,3080.69562215079,
2024-07-05,56720.9881256575,2986.23631122151,
2024-07-06,58259.221773232,3067.92395236704,
2024-07-07,56112.5725587376,2932.87202893045,
2024-07-08,56691.9149061952,3020.46501139684,
2024-07-09,57981.4320967271,3064.17542840444,
2024-07-10,57722.0113527177,3101.14742080655,
2024-07-11,57307.712738457,3096.83160753945,
2024-07-12,57859.1202819988,3130.37477936879,
2024-07-13,59329.0372016365,3181.85794126242,
2024-07-14,61015.0339412624,3256.67111513735,
2024-07-15,64734.7611697837,3487.98836323787,
2024-07-16,65118.8266583869,3446.72606838106,
2024-07-17,64201.3707805377,3394.09970572764,
2024-07-18,63984.3022022209,3431.12034132087,
2024-07-19,66755.7833828171,3507.49268585623,
2024-07-20,67185.4978112215,3520.56696551724,
2024-07-21,68056.6201215663,3530.48212887201,
2024-07-22,67535.1976738749,3441.93899883109,
2024-07-23,65916.4081616014,3482.72823085915,
2024-07-24,65353.3857784921,3331.71999532437,
2024-07-25,65722.0611917007,3173.71819579193,
2024-07-26,67912.2433091759,3278.93203009936,
2024-07-27,68077.3730812391,3254.27405669199,
2024-07-28,68170.6691309176,3270.68860987726,
2024-07-29,66867.167277031,3323.15159877265,
2024-07-30,66186.9146861484,3276.18640619521,
2024-07-31,64690.6340385739,3231.75860724722,
2024-08-01,65178.0554891876,3203.2800251315,
2024-08-02,61506.7698877849,2985.00033752192,
2024-08-03,60688.2444272355,2904.77563267095,
2024-08-04,58306.2644786675,2698.46006575102,
2024-08-05,54343.6276773816,2434.27117241379,
2024-08-06,56047.4712866744,2458.63231122151,
2024-08-07,55129.7410376973,2346.30540765634,
2024-08-08,61908.7896724138,2686.68575102279,
2024-08-09,60720.9407594974,2592.96081472823,
2024-08-10,60871.5550727645,2606.88256078317,
2024-08-11,58836.1043722969,2559.00334541204,
2024-08-12,59394.1629538282,2728.85513383986,
2024-08-13,60536.2457846289,2702.50437317358,
2024-08-14,58840.6466797195,2666.7787238457,
2024-08-15,57644.1876879018,2573.75496990064,
2024-08-16,58927.2765087668,2594.49798275862,
2024-08-17,59414.6743351841,2612.18551811806,
2024-08-18,58793.2061458212,2624.79728404442,
2024-08-19,59411.5190169492,2631.95879164231,
2024-08-20,59123.3002662186,2578.04840677966,
2024-08-21,61133.0256493279,2628.34121654003,
2024-08-22,60394.4737749854,2623.24894301578,
2024-08-23,64106.8029152543,2766.0674465225,
2024-08-24,64023.226703682,2762.00674167154,
2024-08-25,64498.0183413209,2758.14644067797,
2024-08-26,62983.4427729398,2686.35025511397,
2024-08-27,59548.0076215663,2461.3474126242,
2024-08-28,59100.7747548217,2529.46513705435,
2024-08-29,59339.7909947399,2527.16763500877,
2024-08-30,59142.9399640561,2526.79224634717,
2024-08-31,58959.926273232,2513.39798889538,
2024-09-01,57349.0807180012,2425.94320368206,
2024-09-02,59159.0238877849,2538.60750350672,
2024-09-03,57637.7754444769,2439.80527352425,
2024-09-04,58033.3989704851,2452.92774605494,
2024-09-05,56112.9529400935,2367.16648305085,
2024-09-06,53838.9534623028,2220.58200146113,
2024-09-07,54066.4399248977,2269.68727060199,
2024-09-08,54859.2584082408,2300.06839947399,
2024-09-09,57135.7814371712,2362.04203156049,
2024-09-10,57664.4998214494,2389.51632524839,
2024-09-11,57409.1950663355,2342.307735827,
2024-09-12,58124.6418065459,2362.33115809468,
2024-09-13,60536.8814503215,2442.77219959088,
2024-09-14,60007.1702507306,2417.18522063121,
2024-09-15,59129.9197536528,2319.29052425482,
2024-09-16,58227.46421654,2295.19158971362,
2024-09-17,60238.2177255991,2337.065764173,
2024-09-18,61306.2337317358,2358.79472209234,
2024-09-19,62994.6096528346,2468.43390606955,
2024-09-20,63153.9518270018,2554.7331440678,
2024-09-21,63367.7296078317,2604.74345555231,
2024-09-22,63571.9521729983,2581.10804656926,
2024-09-23,63336.0126347165,2647.93771518995,
2024-09-24,64342.7891113384,2655.48809611338,
2024-09-25,63059.6269167154,2574.79220370544,
2024-09-26,65057.7861461134,2629.70874305085,
2024-09-27,65767.7132542373,2698.19885336645,
2024-09-28,65770.5276478667,2674.69768520748,
2024-09-29,65617.7610689655,2656.30026287259,
2024-09-30,63260.0425482174,2596.25469104617,
2024-10-01,60858.2487086499,2449.82723258913,
2024-10-02,60686.0993135593,2368.07953022209,
2024-10-03,60765.2367498539,2349.50757675044,
2024-10-04,62052.5100496785,2415.12854195208,
2024-10-05,62030.4538977206,2414.33166548802,
2024-10-06,62789.8814555815,2438.50270520748,
2024-10-07,62416.508829924,2426.58129005845,
2024-10-08,62126.3273769725,2439.58985277615,
2024-10-09,60615.2581917008,2367.17415046172,
2024-10-10,60221.1172869667,2382.12349206897,
2024-10-11,62462.539962595,2437.69309236119,
2024-10-12,63202.8806992987,2478.24114976622,
2024-10-13,62759.431113384,2465.13859485681,
2024-10-14,66089.7587410871,2630.9286433197,
2024-10-15,66933.974833723,2600.52300350088,
2024-10-16,67662.9534038574,2611.98719444185,
2024-10-17,67337.9075482174,2603.24426974869,
2024-10-18,68390.5375625365,2641.44743767972,
2024-10-19,68357.8982963179,2649.70135015196,
2024-10-20,69012.3532089421,2746.1167819813,
2024-10-21,67440.4625058445,2667.32642119229,
2024-10-22,67425.7553211572,2623.28308167154,
2024-10-23,66647.2866642315,2521.68281196376,
2024-10-24,68130.9948369374,2532.13962009936,
2024-10-25,66261.5376861485,2415.20924174167,
2024-10-26,67023.3399611338,2480.57950252484,
2024-10-27,68000.1475008767,2508.49473361192,
2024-10-28,69862.5205470485,2566.18526073057,
2024-10-29,72678.7866201052,2635.21967112799,
2024-10-30,72450.2843819404,2660.86723967855,
2024-10-31,70367.0819576271,2517.78620227937,
2024-11-01,69483.5830303916,2512.4960977031,
2024-11-02,69241.6794865576,2488.87335008767,
2024-11-03,68742.7546227352,2454.59679184687,
2024-11-04,67779.0969795441,2396.6696369024,
2024-11-05,69538.0241729982,2428.97334286967,
2024-11-06,75696.0366192285,2722.98460712741,
2024-11-07,75972.2955546464,2891.87561452952,
2024-11-08,76507.4474012273,2960.26662137931,
2024-11-09,76799.2527469316,3139.9864959322,
2024-11-10,80409.2865666277,3187.53665137931,
2024-11-11,88859.998448568,3370.23970491526,
2024-11-12,88048.7488877849,3255.13258195208,
2024-11-13,90369.3819693162,3190.90423042081,
2024-11-14,87204.2569827586,3056.41021270018,
2024-11-15,91139.0844427236,3097.45939781999,
2024-11-16,90567.6957568673,3134.3861396201,
2024-11-17,89732.9704292811,3070.19103244594,
2024-11-18,90587.6965534775,3188.88800258329,
2024-11-19,92254.1385800701,3111.79278153127,
2024-11-20,94160.0406858562,3073.4292378609,
2024-11-21,98545.5688798948,3365.32873022794,
2024-11-22,98938.3495450029,3325.37564151958,
2024-11-23,97707.0484590883,3397.37147417884,
2024-11-24,97980.2082819988,3363.87790965517,
2024-11-25,93343.0290745178,3429.90259469608,
2024-11-26,91875.5699593805,3324.46444980713,
2024-11-27,95989.0802273524,3669.22970552893,
2024-11-28,95737.9402822911,3584.20799540035,
2024-11-29,97398.9417399182,3595.61403426067,
2024-11-30,96463.6248980129,3713.2009461017,
2024-12-01,97469.6044529515,3716.08112306254,
2024-12-02,95726.4417258913,3637.08652127411,
2024-12-03,96010.8774228521,3623.91165189363,
2024-12-04,98920.2528255406,3844.66120870544,
2024-12-05,96949.6644117475,3794.68684265926,
2024-12-06,99953.1056580947,4013.46741083577,
2024-12-07,99977.7002282291,4006.19300609585,
2024-12-08,100798.98356429,4001.64654687317,
2024-12-09,97390.1988597311,3714.17625189363,
2024-12-10,96835.5017387493,3632.35232690824,
2024-12-11,101310.201899766,3836.84683938632,
2024-12-12,100090.890479544,3877.04927477499,
2024-12-13,101289.823976914,3905.45213670953,
2024-12-14,101366.87166803,3868.60262611338,
2024-12-15,104551.367141146,3947.67114785506,
2024-12-16,105855.672229982,3995.17742504968,
2024-12-17,106115.910582992,3877.73844905319,
2024-12-18,100469.770656926,3636.53763153127,
2024-12-19,97697.045779661,3429.8707307481,
2024-12-20,97617.4422051432,3471.52409931619,
2024-12-21,97093.0190832846,3328.83602427236,
2024-12-22,95149.1058252484,3278.34651976037,
2024-12-23,94800.7562060199,3422.51642397428,
2024-12-24,98637.7330543542,3494.74814554646,
2024-12-25,99235.3678869082,3490.75329557276,
2024-12-26,95628.3030902981,3325.23435792519,
2024-12-27,94219.9821461134,3322.09507143191,
2024-12-28,95123.5811098773,3397.09541658095,
2024-12-29,93457.5783202806,3346.92836869959,
2024-12-30,92523.163085038,3355.46704853302,
2024-12-31,93389.7326016949,3332.45484545295,
2025-01-01,94455.7965718878,3350.89031195207,
2025-01-02,96851.393682934,3447.58794734074,
2025-01-03,98120.6846759205,3606.25034468732,
2025-01-04,98230.0478571011,3657.79189278784,
2025-01-05,98414.8120964348,3638.22340260082,
2025-01-06,102179.560366745,3683.0759798422,
2025-01-07,96974.9957857978,3382.56745979544,
2025-01-08,95039.2809210988,3325.54302042957,
2025-01-09,92346.1691589714,3217.33715208065,
2025-01-10,94759.1196358854,3269.77400255991,
2025-01-11,94606.5080099357,3286.37892827002,
2025-01-12,94353.7752586207,3258.17217992402,
2025-01-13,94375.7299102864,3133.13948922852,
2025-01-14,96569.475726768,3226.57956712449,
2025-01-15,100172.405985096,3441.04207023963,
2025-01-16,99977.7298234951,3303.13442745763,
2025-01-17,104296.588034191,3478.9034330976,
2025-01-18,104398.156261251,3303.37311349503,
2025-01-19,100954.572281999,3204.0508971128,
2025-01-20,102588.998699006,3285.42927070719,
2025-01-21,105987.888705435,3322.64100092051,
2025-01-22,103791.128861485,3239.67506596143,
2025-01-23,104184.616743717,3335.84164436002,
2025-01-24,104716.12488194,3310.42760140269,
2025-01-25,104866.085348919,3323.46523758036,
2025-01-26,102833.369273232,3241.02101870251,
2025-01-27,101907.44629661,3170.49577498539,
2025-01-28,101138.144066043,3070.75965838691,
2025-01-29,103918.795458796,3123.69937434249,
2025-01-30,104987.446410871,3255.85057013442,
2025-01-31,102263.043670953,3292.62381677382,
2025-02-01,100610.290439801,3119.95137697253,
2025-02-02,97424.7809000584,2844.25948714202,
2025-02-03,101582.408702221,2877.57988457043,
2025-02-04,97848.1497592051,2723.61294798364,
2025-02-05,96559.3327562829,2780.85938369375,
2025-02-06,96541.3006811806,2685.1318766803,
2025-02-07,96384.1109836353,2612.95292606663,
2025-02-08,96603.318157218,2637.15946142607,
2025-02-09,96309.7532405026,2623.44384395091,
2025-02-10,97375.2253535944,2658.91628872005,
2025-02-11,95806.2580385739,2603.96649620105,
2025-02-12,97756.4976548802,2738.64540035067,
2025-02-13,96534.7406332554,2674.91159789597,
2025-02-14,97414.3589821742,2725.08277761543,
2025-02-15,97583.2431767972,2694.22497194623,
2025-02-16,96182.2661706604,2662.06831794272,
2025-02-17,95790.5109985389,2743.38311601403,
2025-02-18,95444.031886616,2667.12430099357,
2025-02-19,96647.9132977791,2718.18351461134,
2025-02-20,98392.2197247224,2740.71687375804,
2025-02-21,96048.9937247224,2655.73961426067,
2025-02-22,96605.7091057861,2766.35815897136,
2025-02-23,96091.6329774985,2821.85990298071,
2025-02-24,91869.6543430742,2519.49570543542,
2025-02-25,88769.7356265342,2499.3732150789,
2025-02-26,83987.89564173,2330.42813296318,
2025-02-27,84625.4191364699,2298.49650789012,
2025-02-28,84243.7779114553,2229.92881355932,
2025-03-01,85844.3685628288,2208.95361747516,
2025-03-02,94328.0094444769,2519.34991642314,
2025-03-03,86315.9305511397,2153.5997773232,
2025-03-04,87323.690650789,2170.0642106955,
2025-03-05,90619.4090976038,2241.06894506137,
2025-03-06,90222.0693275862,2206.33553331385,
2025-03-07,86553.5921937464,2134.73876709527,
2025-03-08,86171.2789362946,2199.74715371128,
2025-03-09,80647.7964108709,2015.69220105202,
2025-03-10,79005.9601291642,1879.69313354763,
2025-03-11,82747.1601917008,1923.01249590883,
2025-03-12,83630.1581101695,1906.5185295149,
2025-03-13,81110.2890490941,1863.52630742256,
2025-03-14,84105.8335517241,1914.70355201636,
2025-03-15,84352.8773018703,1939.64274050263,
2025-03-16,82492.1028287551,1884.69832144945,
2025-03-17,84013.947518118,1927.87450613676,
2025-03-18,82680.8065514319,1930.50927673875,
2025-03-19,86774.23507218,2056.96594564582,
2025-03-20,84124.9712878434,1978.2045458796,
2025-03-21,84069.4081800117,1966.1050710111,
2025-03-22,83821.220305377,1978.73242548217,
2025-03-23,85760.8814506137,1997.88425306838,
2025-03-24,87322.5718568089,2073.91071683226,
2025-03-25,87422.8426084161,2065.10749736996,
2025-03-26,86836.6760955582,2005.4321364699,
2025-03-27,87211.3240169492,2003.37026212741,
2025-03-28,84309.0783550555,1896.0268603156,
2025-03-29,82497.1792472238,1823.59882349503,
2025-03-30,82216.4666765049,1802.80018965517,
2025-03-31,82461.4496279953,1823.44348568089,
2025-04-01,85226.7137936879,1908.28501987142,
2025-04-02,82555.631296318,1795.48936616014,
2025-04-03,82931.697399474,1813.54323436587,
2025-04-04,83774.1797375804,1812.99751081239,
2025-04-05,83302.1715756867,1802.97516072472,
2025-04-06,77949.0884926943,1569.10020689655,
2025-04-07,79421.8044105786,1560.23826212741,
2025-04-08,76351.4295303916,1471.09076125073,
2025-04-09,82720.6034891876,1662.90904646406,
2025-04-10,79558.9558252484,1522.26864669784,
2025-04-11,83359.8995157802,1565.57072150789,
2025-04-12,85269.2495119813,1646.45040736411,
2025-04-13,83568.9544360023,1593.3115698422,
2025-04-14,84589.0324135009,1623.4533766803,
2025-04-15,83671.3439713618,1590.80377936879,
2025-04-16,84151.5357562829,1577.76214319112,
2025-04-17,84940.5838538866,1584.56991437756,
2025-04-18,84434.7727463472,1589.17527673875,
2025-04-19,85124.721496201,1614.76228082992,
2025-04-20,85101.7461545879,1585.28322150789,
2025-04-21,87360.7198933372,1576.97164465225,
2025-04-22,93495.6106890707,1758.00477177089,
2025-04-23,93695.7404772063,1797.82488836937,
2025-04-24,93849.8817790766,1769.47740765634,
2025-04-25,94771.4128007014,1789.56658474576,
2025-04-26,94694.5111014027,1820.05065546464,
2025-04-27,93812.876534775,1793.40027907656,
2025-04-28,95066.0211867329,1799.8924050263,
2025-04-29,94102.8403024547,1792.9466081239,
2025-04-30,94236.7325143191,1795.28281034483,
2025-05-01,96411.7422635885,1838.20588340152,
2025-05-02,96842.1021057861,1841.31197457627,
2025-05-03,95943.61135301,1835.43869257744,
2025-05-04,94377.7899196376,1809.26886206897,
2025-05-05,94853.7298594389,1822.42831151373,
2025-05-06,96677.9245029223,1814.22681735827,
2025-05-07,97137.3757086499,1814.5519094097,
2025-05-08,103069.539295733,2193.0712805377,
2025-05-09,102940.802949445,2342.20799707773,
2025-05-10,104582.821806254,2584.61239742841,
2025-05-11,103976.137798948,2507.64435710111,
2025-05-12,102920.074689071,2493.58635534775,
2025-05-13,104145.711825248,2676.5017402104,
2025-05-14,103572.719642022,2603.05951344243,
2025-05-15,103716.283947399,2540.68613383986,
2025-05-16,103566.269191116,2546.7049465225,
2025-05-17,103190.041364991,2474.61027878434,
2025-05-18,106015.689848919,2465.93426212741,
2025-05-19,105615.828960257,2526.45705727645,
2025-05-20,106893.330247516,2525.32290794857,
2025-05-21,109704.855619521,2557.99176563413,
2025-05-22,111477.014787843,2657.42359701929,
2025-05-23,107291.888969901,2521.84042402104,
2025-05-24,107917.328289304,2529.64885359439,
2025-05-25,108914.876558445,2546.99536732905,
2025-05-26,109371.985172122,2561.92804529515,
2025-05-27,109066.345636762,2661.42436703682,
2025-05-28,107895.402399474,2677.11812273524,
2025-05-29,105732.957892168,2633.37122910579,
2025-05-30,103981.302957919,2525.27963413209,
2025-05-31,104708.964150205,2532.55873436587,
2025-06-01,105750.15972443,2539.24056341321,
2025-06-02,105899.696926651,2608.39263530099,
2025-06-03,105483.98555114,2595.07908591467,
2025-06-04,104782.844900351,2609.93374517826,
2025-06-05,101669.190496785,2421.2568220339,
2025-06-06,104421.051549094,2479.93381531268,
2025-06-07,105685.250402104,2527.09892109877,
2025-06-08,105727.739632379,2509.56872501461,
2025-06-09,110198.15871391,2676.70837200468,
2025-06-10,110074.119081824,2806.2143766803,
2025-06-11,108645.785558153,2774.56475336061,
2025-06-12,105998.985830801,2652.93859585038,
2025-06-13,106024.822087376,2578.02224722385,
2025-06-14,105467.108742256,2533.09064056108,
2025-06-15,105512.797437756,2546.5897761543,
2025-06-16,107243.933345997,2565.02230391584,
2025-06-17,104628.396527469,2513.40039538282,
2025-06-18,104813.367028638,2522.49356750438,
2025-06-19,104709.720767095,2523.04524547049,
2025-06-20,103274.958839567,2403.17304178843,
2025-06-21,101548.196381648,2266.03854500292,
2025-06-22,100899.234151958,2227.35017475161,
2025-06-23,105496.947495324,2421.45208328463,
2025-06-24,105964.065136762,2443.16771186441,
2025-06-25,107305.065199591,2417.98607714787,
2025-06-26,107012.822824079,2415.25481852718,
2025-06-27,107090.95905114,2422.03759585038,
2025-06-28,107357.617171245,2438.21842022209,
2025-06-29,108360.901696376,2503.22452016365,
2025-06-30,107153.101135885,2488.96316364699,
2025-07-01,105566.356597896,2400.70451081239,
2025-07-02,108927.13451841,2579.95848860316,
2025-07-03,109632.159126826,2590.32040794857,
2025-07-04,108081.395758621,2510.08707305669,
2025-07-05,108244.788813852,2518.45863588545,
2025-07-06,109180.005545587,2569.75132524839,
2025-07-07,108249.401004091,2542.78128462887,
2025-07-08,108956.631703098,2615.43112594974,
2025-07-09,111416.806720047,2775.83493658679,
2025-07-10,115873.903783752,2950.43276446523,
2025-07-11,117618.605087084,2958.64228667446,
2025-07-12,117382.372540912,2940.39548918761,
2025-07-13,118899.737107832,2969.63940093513,
2025-07-14,119871.096197838,3011.78428755114,
2025-07-15,117710.89100789,3132.8656157218,
2025-07-16,118730.187791642,3366.30753506721,
2025-07-17,119501.663770894,3489.39637258913,
2025-07-18,117958.511213033,3542.33909877265,
2025-07-19,117908.52473232,3592.11291057861,
2025-07-20,117305.680953828,3755.06715341905,
2025-07-21,117432.435634717,3765.90390122735,
2025-07-22,120068.00578872,3745.90083635301,
2025-07-23,118650.587165693,3629.55279777908,
2025-07-24,118377.081936879,3709.50907597896,
2025-07-25,117520.17335038,3722.55895032145,
2025-07-26,117983.204598773,3743.35857714787,
2025-07-27,119438.164235535,3863.5014880187,
2025-07-28,118022.637320281,3790.9041452367,
2025-07-29,117871.370895383,3790.87183372297,
2025-07-30,117732.643660725,3800.85833167738,
2025-07-31,115848.339985096,3701.44796201052,
2025-08-01,113282.144336061,3482.30238223261,
2025-08-02,112545.673659264,3393.52058854471,
2025-08-03,114263.693947691,3504.17049064874,
2025-08-04,115199.933659264,3719.13207539451,
2025-08-05,114111.36101841,3614.08048129749,
2025-08-06,115034.678748977,3682.01792606663,
2025-08-07,117444.913924313,3904.2433635301,
2025-08-08,116740.687720923,4016.25586236119,
2025-08-09,116511.655739375,4261.9204345412,
2025-08-10,119189.198160275,4248.71364552893,
2025-08-11,118742.043048644,4227.64236762127,
2025-08-12,120154.32493507,4599.41391846873,
2025-08-13,123442.67982225,4760.82676241964,
2025-08-14,118510.27128083,4560.76501022794,
2025-08-15,117311.209947715,4429.98655289304,
2025-08-16,117462.42684623,4422.6705862069,
2025-08-17,117601.952231888,4487.70970368206,
2025-08-18,116312.914397989,4321.5258842782,
2025-08-19,112886.10147543,4093.51478141438,
2025-08-20,114277.320860316,4337.65589713618,
2025-08-21,112347.102298302,4222.5846157218,
2025-08-22,116800.977035073,4831.10497749854,
2025-08-23,115280.444723834,4778.36752483928,
2025-08-24,113516.122474401,4787.25375745178,
2025-08-25,110089.533314144,4377.50717007598,
2025-08-26,111895.295495307,4601.96733810637,
2025-08-27,111252.307236061,4507.0350163647,
2025-08-28,112481.152904109,4504.04511922852,
2025-08-29,108473.330441642,4366.7936899474,
2025-08-30,108746.150824851,4372.10783167738,
2025-08-31,108316.44689481,4396.614606955,
2025-09-01,108992.324614863,4300.58149415546,
2025-09-02,111140.947159836,4322.33563062536,
2025-09-03,111780.743587376,4455.87243804793,
2025-09-04,110900.633412981,4316.90264465225,
2025-09-05,110711.229484804,4308.76928550555,
2025-09-06,110243.650741672,4277.15637317358,
2025-09-07,111307.784421087,4316.10284774985,
2025-09-08,112112.311575102,4305.11846668615,
2025-09-09,111486.396779836,4309.73367562829,
2025-09-10,113930.748423437,4348.6037805377,
2025-09-11,115445.812932648,4461.97569111631,
2025-09-12,116149.174031958,4702.87913120982,
2025-09-13,115965.627551268,4666.35363763881,
2025-09-14,115395.933423437,4609.893685564,
2025-09-15,115420.931814144,4524.12146668615,
2025-09-16,116798.867050906,4506.83149269433,
2025-09-17,116575.777628866,4595.04608036236,
2025-09-18,117014.426762174,4586.33670105202,
2025-09-19,115612.372541695,4463.60009351257,
2025-09-20,115753.165960549,4483.94747428404,
2025-09-21,115320.858829047,4452.53198918761,
2025-09-22,112727.70773813,4204.59655523086,
2025-09-23,112052.393282022,4170.44418088837,
2025-09-24,113324.623592192,4153.13078725891,
2025-09-25,109166.347974874,3875.37859468147,
2025-09-26,109669.102166861,4031.71004850964,
2025-09-27,109644.73069287,4020.11526504968,
2025-09-28,112170.00778609,4136.4756811806,
2025-09-29,114341.141435418,4220.42131589714,
2025-09-30,113971.742796902,4141.04144243132,
2025-10-01,118393.270386324,4338.2852434249,
2025-10-02,120558.594007013,4478.61686469901,
2025-10-03,122348.127640269,4519.82290414962,
2025-10-04,122379.744317651,4488.74868907072,
2025-10-05,123523.768313852,4518.09387872589,
2025-10-06,124824.453666861,4695.78451022794,
2025-10-07,121587.699236704,4464.01253302163,
2025-10-08,123390.353094682,4529.19221332554,
2025-10-09,121603.33278609,4368.90794301578,
2025-10-10,113754.852328171,3867.07758883694,
2025-10-11,110940.113648159,3749.88979456458,
2025-10-12,115152.917045003,4147.5814956166,
2025-10-13,115332.252929573,4249.54676563413,
2025-10-14,113327.079410286,4135.18015604909,
2025-10-15,110862.872485389,3984.26746230275,
2025-10-16,108135.049605786,3890.10663062536,
2025-10-17,106625.668651373,3838.55720222092,
2025-10-18,107143.913935126,3888.66811747516,
2025-10-19,108706.663763881,3988.23975043834,
2025-10-20,110640.249515488,3982.14718614845,
2025-10-21,108700.382071888,3881.40200701344,
2025-10-22,107667.630188486,3799.0574094097,
2025-10-23,110060.936797195,3856.09569199299,
2025-10-24,111024.94314699,3932.93122939801,
2025-10-25,111614.535857686,3955.02062916423,
2025-10-26,114557.100460549,4166.26219111631,
2025-10-27,114087.773805085,4118.91474137931,
2025-10-28,112980.685846289,3984.36764699006,
2025-10-29,110206.347983051,3902.84432378726,
2025-10-30,108019.723841905,3791.08245061368,
2025-10-31,109554.239627703,3851.14513091759,
2025-11-01,110005.295855348,3871.69728784337,
2025-11-02,110389.168627119,3892.96733927528,
2025-11-03,106495.802789889,3595.6841440678,
2025-11-04,101349.73723232,3282.72106575102,
2025-11-05,103915.88479135,3428.01642314436,
2025-11-06,101241.573677966,3303.66692986558,
2025-11-07,103428.471746932,3438.0656233197,
2025-11-08,102335.021439217,3405.3028012858,
2025-11-09,104685.54544097,3576.40794155465,
2025-11-10,106082.478156926,3570.58905815313,
2025-11-11,102974.405611631,3419.72296464056,
2025-11-12,101682.126652835,3410.5313264173,
2025-11-13,100035.310145237,3247.69008825248,
2025-11-14,94502.5476025716,3112.32678550555,
2025-11-15,95541.3158389831,3169.92543483343,
2025-11-16,94182.3130996493,3090.50758416131,
2025-11-17,91911.4713471654,3018.11872559906,
2025-11-18,92836.4419111631,3117.43951928697,
2025-11-19,91320.4811332554,3015.43288310929,
2025-11-20,86911.2980590298,2844.77433810637,
2025-11-21,84948.0463205727,2757.03679748685,
2025-11-22,84775.0015452952,2772.12619257744,
2025-11-23,86872.4546630625,2802.26699941555,
2025-11-24,88377.6024421391,2958.66075715956,
2025-11-25,87434.550610754,2962.53465195792,
2025-11-26,90449.2770675044,3024.35795704267,
2025-11-27,91336.2000452952,3015.04006516657,
2025-11-28,90990.1266104617,3035.43157714787,
2025-11-29,90842.0738243717,2991.32805610754,
2025-11-30,90607.7021513735,3002.61025482174,
2025-12-01,86504.6368156049,2804.79124167154,
2025-12-02,91528.0245809468,3003.37940648743,
2025-12-03,93609.0938658679,3189.75251227352,
2025-12-04,92205.5929544126,3136.48043804793,
2025-12-05,89279.8344634717,3021.45198480421,
2025-12-06,89169.5570610754,3036.21572150789,
2025-12-07,90067.847399474,3048.0956233197,
2025-12-08,90673.1444436003,3125.14534073641,
2025-12-09,92808.8518477498,3325.93575745178,
2025-12-10,92102.9300917592,3329.80832583285,
2025-12-11,92623.7198708358,3237.47843424898,
2025-12-12,90331.6083091759,3087.7986767972,
2025-12-13,90245.267264173,3114.86668527177,
2025-12-14,88096.3826142607,3060.69585388662,
2025-12-15,86352.5802565751,2962.21389070719,
2025-12-16,87752.4290336061,2958.2751081239,
2025-12-17,86059.5522241379,2826.68701724138,
2025-12-18,85434.1928673291,2826.57452688486,
2025-12-19,88168.0738325541,2980.4724704851,
2025-12-20,88292.4536373466,2975.45867592051,
2025-12-21,88533.4309830508,3000.9371943308,
2025-12-22,88474.4622331969,3004.76614056108,
2025-12-23,87365.9937872589,2963.25538310929,
2025-12-24,87625.6707895967,2946.73151811806,
2025-12-25,87231.3047685564,2905.2144006429,
2025-12-26,87334.8077808299,2926.08538047925,
2025-12-27,87695.4159076564,2942.30547574518,
2025-12-28,87747.6491548802,2946.08468264173,
2025-12-29,87133.5103991818,2933.90624196376,
2025-12-30,88428.4922735243,2969.19949064874,
2025-12-31,87516.9780376972,2968.12801431911,
2026-01-01,88684.2178474576,3000.88881268264,
2026-01-02,89940.1801671537,3124.26197691409,
2026-01-03,90598.1301832262,3125.24571244886,
2026-01-04,91359.7636823495,3140.1174465225,
2026-01-05,93948.5821794272,3229.65402805377,
2026-01-06,93574.2871122151,3291.03787784921,
2026-01-07,91208.9562606663,3163.42844097019,
2026-01-08,91096.9161554647,3109.10774547049,
2026-01-09,90539.6032288136,3085.00326271186,
2026-01-10,90406.1424114553,3082.05532378726,
2026-01-11,90717.2063153127,3112.54671624781,
2026-01-12,91141.1498489188,3091.07288398597,
2026-01-13,95304.4982942724,3322.29855201637,
2026-01-14,97043.9927258913,3356.49862828755,
2026-01-15,95546.1397381648,3314.54089479836,
2026-01-16,95489.1299602572,3295.41368351841,
2026-01-17,95106.980462595,3306.92532524839,
2026-01-18,94261.3294313267,3301.93096201052,
2026-01-19,92526.2419643483,3185.10260227937,
2026-01-20,88236.5631922852,2937.81746171829,
2026-01-21,89599.361874927,2991.97558971362,
2026-01-22,89395.700735827,2947.89295207481,
2026-01-23,89439.7718909994,2951.59461922852,
2026-01-24,89185.0386990064,2950.6620654588,
2026-01-25,86445.6705926359,2806.82564319112,
2026-01-26,88337.4545511397,2930.17946756283,
2026-01-27,89260.3805397429,3022.82405873758,
2026-01-28,89177.7892507306,3008.43984979544,
2026-01-29,84520.3973106371,2818.53491466978,
2026-01-30,84017.0340292227,2699.6404661017,
2026-01-31,78702.38550263,2444.24318264173,
2026-02-01,76911.0523772648,2270.22719140853,
2026-02-02,78716.6018088837,2345.61446464056,
2026-02-03,75684.7660277616,2231.42898305085,
2026-02-04,73095.1914646406,2147.39338924605,
2026-02-05,63494.6884456458,1850.0371659848,
2026-02-06,70647.6982188778,2064.07685622443,
2026-02-07,69166.2594424313,2086.30893687902,
2026-02-08,70522.5892393337,2093.81263588545,
2026-02-09,70244.1017773232,2107.02768497954,
2026-02-10,68688.793113384,2017.25694389246,
2026-02-11,66989.7165920514,1940.05835008767,
2026-02-12,66221.5443115137,1944.85649064874,
2026-02-13,68860.8411633548,2048.51233459965,
2026-02-14,69798.0791253653,2086.63942548217,
2026-02-15,68629.9599760374,1960.28208912916,
2026-02-16,68747.4380286383,1996.39197632963,
2026-02-17,67471.0508465809,1992.43069666861,
2026-02-18,66380.7069611339,1951.87398100526,
2026-02-19,66932.3522118644,1947.86147194623,
2026-02-20,67977.3092612507,1967.10513237873,
2026-02-21,68020.6677612507,1974.53984687317,
2026-02-22,67550.0240768556,1952.79213763881,
2026-02-23,64689.9123308007,1856.81448451198,
2026-02-24,64123.7510780245,1855.42052542373,
2026-02-25,68038.5221794272,2057.28647662186,
2026-02-26,67519.2645292227,2028.46234950321,
2026-02-27,65864.1358170661,1929.70612916423,
2026-02-28,66965.6353091759,1963.48860958504,
2026-03-01,65733.5212597896,1938.46658766803,
2026-03-02,68922.6242974869,2033.1883918761,
2026-03-03,68431.1740306838,1987.20545324372,
2026-03-04,72667.4630575687,2127.57280157803,
2026-03-05,70987.427176505,2076.63328696669,
2026-03-06,68226.7053927528,1982.56379865576,
2026-03-07,67315.5529135009,1970.38521595558,
2026-03-08,66202.6978731736,1942.91124810053,
2026-03-09,68528.5384699007,1997.0082761543,
2026-03-10,69891.8238576856,2034.95413851549,
2026-03-11,70298.5753530099,2055.76802717709,
2026-03-12,70538.1074623027,2078.93747136178,
2026-03-13,70930.0132793688,2092.09332115722,
2026-03-14,71136.2179199299,2096.33251081239,
2026-03-15,72712.1461957919,2177.81211718293,
2026-03-16,74723.9575534775,2351.36226241964,
2026-03-17,74086.013609585,2323.31525803624,
2026-03-18,71253.9579275278,2200.48282583285,
2026-03-19,69948.9048267095,2138.02135242548,
2026-03-20,70510.4196797194,2146.58037960257,
2026-03-21,69707.285009059,2124.59659760374,
2026-03-22,68018.1534815897,2058.15253477499,
2026-03-23,70726.2110461718,2148.12646025716,
2026-03-24,70610.0187121566,2157.06026037405,
2026-03-25,71281.2973921683,2168.53179485681,
2026-03-26,68722.9718366452,2059.03193045003,
2026-03-27,66214.1715134424,1988.89868147282,
2026-03-28,66351.0725251315,1994.39515926359,
2026-03-29,65966.7523939217,1982.87323611923,
2026-03-30,66651.2320037989,2022.78023845704,
2026-03-31,68214.8680388662,2101.43189275278,
2026-04-01,68116.8167933957,2140.8786440678,
2026-04-02,66908.3179918177,2056.41651402689,
2026-04-03,66891.7422279369,2051.62035242548,
2026-04-04,67295.1309137931,2064.24038983051,
2026-04-05,68921.8060911748,2110.88525014611,
2026-04-06,68742.9133085915,2101.85518877849,
2026-04-07,72057.1243614845,2247.90510198714,
2026-04-08,71085.0583702513,2188.63042168323,
2026-04-09,71788.6797825833,2190.25052630041,
2026-04-10,72945.0707241379,2244.5331244886,
2026-04-11,73119.1091168907,2286.84805523086,
2026-04-12,70685.3697019287,2190.14021800117,
2026-04-13,74632.7455856224,2373.1848176505,
2026-04-14,74173.5083603156,2323.2110119813,
2026-04-15,74761.964654588,2356.77637346581,
2026-04-16,75095.7442159556,2349.62938018702,
2026-04-17,77114.481438048,2422.26582729398,
2026-04-18,75792.0637510228,2353.92359760374,
2026-04-19,73905.2041016949,2265.85590707189,
2026-04-20,75814.1453237873,2313.76751227352,
2026-04-21,76107.4432977791,2323.70637346581,
2026-04-22,78317.7422720631,2381.7532030976,
2026-04-23,78233.6837492694,2330.50318468732,
2026-04-24,77444.269277031,2315.61822472238,
2026-04-25,77624.7114821742,2319.27642343659,
2026-04-26,78538.7733573933,2368.8221779661,
2026-04-27,77256.297159848,2297.93676651081,
2026-04-28,76295.531117183,2287.49049327878,
2026-04-29,75795.0098530099,2254.10393863238,
2026-04-30,76299.6161285798,2256.61539976622,
2026-05-01,78132.6437852133,2292.81031618936,
2026-05-02,78712.5387317358,2318.91120660432,
2026-05-03,78649.1732893045,2326.03863559322,
2026-05-04,79826.107817066,2347.40537580362,
2026-05-05,80936.7548252484,2360.64430946815,
2026-05-06,81364.6201285798,2348.57684628872,
2026-05-07,79988.9987343659,2290.27787580362,
2026-05-08,80179.6922957335,2306.36417153711,
2026-05-09,80663.6296519579,2326.38885505552,
2026-05-10,82256.781137931,2374.78948042081,
2026-05-11,81714.7420499708,2339.08045149036,
2026-05-12,80525.563024547,2277.51648568089,
2026-05-13,79291.9110017534,2257.2091616014,
2026-05-14,81175.8271116306,2288.82837726476,
2026-05-15,79063.4145756868,2223.05238603156,
2026-05-16,78164.4952711864,2180.49946230275,
2026-05-17,77497.697113384,2143.14334921099,
2026-05-18,76975.9111998831,2130.19724284044,85.2592603991263
2026-05-19,76807.460956166,2112.00750058445,85.3647757423663
2026-05-20,77408.1722089421,2125.16858094681,84.2982913191431
2026-05-21,77595.3861717446,2132.1346595938,85.9617860326281
2026-05-22,75567.5430431093,2066.76720977206,87.1646706076026
2026-05-23,76619.8666090415,2116.16834102864,84.5283729063477
2026-05-24,76619.8666090415,2116.16834102864,85.6552468679954
